symbol,esg_category
PSTVZ,2
AMRHW,3
CYTXZ,2
DRIOW,2
LMFAW,3
CHEKW,2
AMRHW,1
OXBRW,1
ALGRW,2
AIRTW,3
EYEGW,2
TOTAW,2
KBLMW,3
BRPAW,2
ALGRR,2
NBACW,2
MNGA,2
CETXW,1
SGLBW,1
FLLCW,2
SRTSW,2
BNTCW,2
NUROW,2
KBLMR,3
SLRX,2
CNACW,3
ESTRW,2
BRPAR,2
ORSNW,2
LOACW,2
QLGN,2
AGBAW,2
TOTAR,3
AGFSW,4
TBLTW,1
IEAWW,3
LIVKW,2
ARTLW,1
CLRBZ,2
AVCTW,1
ZGYHW,2
PHIOW,2
AMRWW,3
GTECW,2
GLACW,2
FLLCR,2
LOACR,2
HCCHW,3
HCCHR,3
GRNVW,2
PAACW,2
OPESW,2
ZGYHR,2
SJOYW,3
NBACR,2
AGBAR,2
GPAQW,2
ALACW,2
ANDAW,2
ESSCW,2
WRLSW,2
SJOYW,3
CHEKZ,2
ORSNR,2
DEST,2
TZACW,2
JFKKW,2
NHLDW,2
NDRAW,2
JFKKR,2
HHHHW,2
ALACR,2
DDMXW,2
VLRX,2
ANDAR,2
PTACW,2
LACQW,2
USWSW,1
TDACW,3
ADILW,2
INAP,2
ESSCR,2
EYESW,2
GRNVR,2
TKKSW,2
MTFB,2
SAQNW,2
SRACW,2
PAACR,2
HJLIW,2
CTRV,2
ABIL,2
DSKEW,3
RBZ,2
TRPX,2
CREXW,1
APEX,2
GSMGW,3
IGLD,2
AMRH,3
ORPN,2
BRACW,2
MCEP,3
MYNDW,2
IMACW,3
MTSL,1
CUR,2
OPTT,4
APRI,2
LMFA,3
ATCXW,2
SNNA,2
LATNW,2
MTSL,2
WRLSR,2
SES,3
GNRSW,2
AFH,2
GLBS,3
IPWR,4
MNCLW,2
GEMP,2
KTOVW,2
CHPMW,2
EDTXW,2
XBIOW,2
CYTX,2
RPAYW,2
DRAD,2
KBSF,2
EARS,2
CCCL,3
TCCO,2
NAKD,2
AMRH,1
ARTL,2
BLIN,2
CREG,4
ENTXW,2
MARPS,2
BCDAW,2
OXBR,2
SPEX,1
MYSZ,2
HCCOW,2
SUMR,2
CTIB,4
MOSY,2
SUMR,2
SAMAW,2
OPHC,2
ABEOW,2
HCACW,2
NURO,2
SNES,2
XBIO,2
ABIO,2
AMHCW,2
SLNG,1
IKNX,4
THCAW,2
CGIX,2
FAMI,2
CTRM,3
SCKT,4
NVFY,3
TSRI,3
YGTY,3
OTIV,2
CARV,2
JAN,3
SINO,3
JMU,3
CLWT,2
PSTV,2
BIOC,3
SAEX,3
NVIV,2
RELV,2
STAF,3
HHHHR,2
HJLI,2
BIOC,2
XTLB,2
HIHO,3
MYSZ,2
FFHL,4
HHT,2
PTIE,2
MCMJW,3
ISIG,3
ARCI,2
ANCN,2
SPEX,2
SGLB,1
LLIT,2
PIXY,3
EDRY,3
OBLN,2
SCON,4
LFACW,2
USEG,3
WISA,4
BOSC,2
BNGOW,2
ENT,2
AETI,4
SNCA,2
ANTE,2
CETX,2
PPSI,4
SUNW,3
KOSS,3
MDRR,2
ARTW,3
SES,4
ATHE,2
SSNT,1
VERBW,3
HUSN,3
RCON,2
IDSA,2
REXN,2
NSYS,1
VTL,2
TWMC,2
SSPKW,2
MUDSW,2
CTRC,2
RCON,2
NNDM,4
MFH,1
DYNT,2
SNOA,2
OPGN,2
CLDC,2
VIVE,2
NETE,1
IMRN,2
SINT,2
MOXC,1
YVR,1
IPDN,2
JMU,2
CGIX,2
APOP,2
PRPO,2
MDGS,2
AVGR,2
SMIT,3
PHUNW,1
JRJC,1
EVK,2
AIHS,2
MYOS,2
PHIO,2
LYL,2
MRIN,2
BBI,2
WAFU,3
FLKS,2
MTP,2
KGJI,3
BNSO,3
LSACW,2
ELSE,4
YVR,2
GHIVW,2
SNGXW,2
LEDS,2
BNTC,2
FORD,3
TCON,2
FRAN,2
CETXP,2
NFINW,2
ESTR,2
NXTD,2
TYHT,4
SXTC,2
YTEN,4
DMPI,2
ICON,2
AEMD,2
SUMR,2
DXYN,3
EVOL,1
TENX,2
EDGE,2
OTLKW,2
TKKSR,2
NXTD,3
KOOL,2
NAOV,2
TUES,2
LIVE,1
SQBG,2
NDRA,2
CYAN,2
MICT,2
WWR,3
PETZ,2
GNMX,2
NPAWW,2
WHLR,3
AUTO,3
CTXRW,2
WSTL,4
CIFS,2
LIVE,2
MARA,3
OSN,2
DRADP,2
DGLY,2
AMCIW,2
CLRB,2
ZRPTAX,2
CLIR,2
ZRPTIX,2
VVPR,2
THCBW,2
SGMA,3
APWC,2
POLA,2
SPI,3
IMTE,2
FLMNW,3
NVLN,2
MKGI,2
DRIO,2
BOXL,3
HAIR,2
SOLOW,3
TROV,2
TROV,2
SLRX,2
INSUW,2
ZRPTDX,2
SGRP,3
SYPR,3
DNJR,2
EDNT,3
TAIT,2
CHFS,2
MYND,2
EFOI,3
OPGNW,2
TAOP,1
EAST,3
HSGX,2
ACHV,2
VICL,2
ELGX,2
TIBRW,2
CIICW,3
BIOL,2
AREC,2
PFIN,3
KERNW,1
LONE,3
IMAC,2
KIRK,2
XELB,2
RWLK,2
TTPH,2
UMRX,2
DUOT,1
BKYI,2
AKER,2
CHCI,3
SFET,2
RMBL,1
JVA,2
EXPCW,3
CNAC,2
RAIL,4
TMDI,2
HEPA,2
CHEK,2
POAI,2
EVSIW,3
USAU,2
AMTX,4
GENE,2
GEVO,4
TRMT,2
LCAHW,2
PNRL,2
ADIL,2
MYT,4
RGLS,2
NVUS,2
ACAMW,2
ELTK,2
RAND,2
EEI,2
CNAT,2
SNDE,3
PRTO,2
SPCB,2
CPSH,4
AEY,2
OCC,2
RCMT,4
NTEC,2
PDSB,2
SEED,4
RBCN,2
ZKIN,3
LTBR,3
MKD,1
VTSI,2
ESEA,3
EVSIW,3
CPAH,2
SONM,4
HGSH,3
TBLT,3
BHTG,4
APVO,2
CTHR,3
PRPH,2
CVV,2
ONCS,3
PECK,3
BLRX,2
CNET,3
PXS,3
HSDT,2
ATOS,2
CHNR,2
BWMCW,3
LIVK,2
FTEK,3
ATCXW,3
GTEC,3
IGICW,1
CCLP,3
ASTC,2
LIVKU,2
BSQR,2
GVP,3
NNDM,3
RTTR,2
MIND,3
CFFAW,2
IDXG,2
VTGN,2
FTEK,2
ONTXW,2
EKSO,2
BPTH,2
ISNS,1
GTXI,2
CPST,3
WRLS,2
PRPH,2
TGEN,3
QRHC,3
TLGT,2
JCTCF,3
DCTH,2
GLG,2
IZEA,1
OEG,4
RETO,2
RNET,2
DTEA,2
HNRG,3
VVUS,2
NEON,2
BVSNQ,2
BVSN,2
FVEVV,2
CLBS,2
EYES,2
PNBK,2
GLBZ,2
AZRX,2
INNT,2
SMRT,2
ALJJ,3
WHLM,3
ASNA,2
HX,2
SGBX,3
SMMCW,3
JAKK,3
CUI,2
EYEG,2
CBLI,2
DXLG,2
OCGN,2
SRAX,3
GYRO,1
HSON,3
NMCI,3
GSUM,1
TRNX,3
WVVIP,2
JAGX,2
IRIX,2
SLS,2
BLNKW,3
NCTY,2
CADC,2
SPRT,1
AIKI,2
GXGXW,2
NCSM,3
CNFR,2
IFMK,2
APDN,2
PBTS,1
RMCF,2
CBAT,3
AKRX,2
CRSAW,2
GVP,2
PHCF,3
FORK,4
AACG,2
FSRVW,2
WVFC,2
VISL,4
IMTE,2
DAIO,2
BIMI,3
SVVC,2
MOGO,2
FSBC,2
KZIA,2
OTEL,2
KEQU,4
INPX,2
OHAI,2
DOGZ,2
EDSA,2
ALIM,2
CLPS,1
XELB,2
NEWA,2
APDN,1
CLEU,3
TRIB,2
AEZS,2
PRCP,2
CNNB,2
NHLD,2
FTR,2
HOVNP,2
CYCC,2
OSS,2
PECK,3
HUGE,4
HVBC,2
PIH,2
AREC,3
MARK,2
PATI,3
DARE,2
CORV,2
EVGN,2
VTSI,2
NESRW,3
GVP,2
CREX,2
ALRN,2
CRDF,2
SHLO,3
CLRO,2
TTNP,2
IMVTW,2
XELB,2
TANH,4
ENG,3
WKEY,1
FCSC,2
DCIX,3
SLGG,3
TACT,4
BCDA,2
STCN,3
GIGM,3
STRM,1
OPGN,3
CRIS,2
BRPA,2
MREO,2
AVCT,2
SBPH,2
FPAY,2
ICCC,2
VTNR,3
PEIX,4
WVVI,2
USWS,2
BNGO,2
AMR,3
GROW,2
PMD,2
UNAM,2
TLF,3
DWSN,2
RKDA,4
ARPO,2
BRPAU,2
NOVN,2
NVCN,2
TATT,4
RCMT,1
KXIN,2
PHIIK,3
MDJH,2
NTRP,2
QUMU,2
MDGSW,2
MBNKP,3
NLNK,2
DPHCW,2
BHAT,2
INOD,1
TOCA,2
IMBI,2
PSHG,3
BCTF,2
PT,2
FRSX,3
ECOR,2
HOTH,2
HBP,2
MTEX,2
OBCI,3
OTTW,2
ACER,2
TNXP,2
ANY,2
VERB,3
CSPI,1
NEOS,2
AXAS,3
RCMT,2
APDN,3
ICCH,1
PLXP,2
ENTX,2
SAQN,2
THBRW,2
LIFE,2
PPHI,2
PFMT,2
ADMP,2
CGROU,3
TAYD,4
AHPI,2
PFIE,3
BLCM,2
SAQNU,2
AIRT,3
HTGM,2
FNJN,1
BWEN,3
ACTTW,2
DFBHW,3
HDSN,4
MNDO,3
STIM,2
CYCCP,2
ETTX,2
PLIN,2
THMO,2
NEBUW,2
APXTW,2
ACOR,2
WIMI,1
VIRC,3
AEHR,4
SELF,2
SONN,2
GDYNW,1
TOTAU,2
MTEX,2
LWAY,2
APOPW,2
FSEA,2
NSEC,2
SRTS,2
TGA,3
TOTA,2
GTEC,2
DSWL,4
MLND,2
SOHO,2
NTWK,1
AAME,2
GECC,2
MOTS,2
BYFC,2
PAVMW,2
GLAC,2
HWCC,4
CTXR,2
TESS,4
WORX,2
NEON,1
FTFT,2
DTSS,1
KLXE,3
SND,2
MTC,1
ESBK,2
XOG,3
PTE,3
OMEX,2
PPIH,3
MSVB,2
BCOW,2
HYRE,2
BGFV,2
IEA,3
OIIM,2
SSKN,2
VBFC,2
PTAC,2
CAPR,2
SRAC,2
ADXS,2
GHSI,2
SRACU,2
PTACU,2
FRSX,2
MEDS,2
SOLO,3
FMCIW,3
BOTJ,2
REED,2
HFBL,2
ZFGN,2
TATT,2
PAVMZ,2
RELL,2
CPTA,2
USIO,3
ARYAW,2
LOAN,3
ATAI,2
ALNA,2
ZCMD,3
KTCC,2
MACK,2
ALOT,2
NICK,2
MAYS,1
LPCN,2
MGEN,2
GIFI,3
SYNC,1
GURE,4
CNSP,2
EVSI,3
TOPS,3
AESE,3
FTACW,2
RIBT,2
FUSB,2
QUIK,2
APEN,2
CBMB,2
NAII,2
SNSS,2
ZN,3
KBLMU,2
JCS,2
PULM,2
HALL,2
KBLM,3
STRT,3
SJ,3
OPNT,2
ANIX,2
EVSI,3
TURN,3
TRVI,2
PBHC,2
KINS,2
CPIX,2
DWSN,3
OBCI,2
CLDX,2
CRWS,3
WTER,3
USAK,3
NAII,2
ASRV,2
FBSS,2
MGYR,2
MNDO,1
RNDB,2
COCP,2
UBOH,2
JFIN,2
KTOV,2
XELA,1
YGYI,2
IROQ,2
ONCS,3
MBOT,2
GEC,1
JRSH,1
SEEL,2
SAVA,2
RFIL,2
PTMN,2
GRIN,3
INFI,2
AQMS,3
SNGX,2
CLDB,2
MDWD,2
ICMB,2
ORSNU,2
AKAO,2
HYACW,2
VBLT,2
ONCT,2
LOACU,2
RIVE,2
CWBC,2
SJ,3
LOAC,2
BASI,2
CFBK,2
MOHO,2
ACRS,2
ZIPTAX,2
CFBI,2
BKEP,3
FUV,3
ZIPIAX,2
ZIPTMX,2
ZIPIMX,2
ZSAN,2
EMCF,2
OBAS,1
EYEN,2
PHUN,2
AIRTP,3
AKTX,2
DFPH,2
CSPI,2
ATCX,2
ACST,2
NMTR,2
ORSN,2
DFPHU,3
NAII,2
CLPT,2
IMRNW,2
TEUM,2
VRNA,2
TUSK,3
SSBI,2
HNNA,2
BNTC,2
BIOC,2
WTRH,2
AMRB,2
KFFB,2
LPTH,4
ITRM,2
CAAS,4
INTG,2
BRQS,1
AGBA,2
CTG,2
CPSS,2
LAZY,1
ONCY,2
IDRA,2
AGBAU,2
GFED,2
HCCO,3
CODA,2
PAEWW,3
INMB,2
SGYP,2
EQ,2
CXDC,3
SFBC,2
IMMP,2
VCNX,2
DMAC,2
AESE,2
NTIC,4
MDRRP,2
EVOK,2
MFIN,2
YRCW,3
HCCOU,3
MBRX,2
GPAQU,2
ANPC,2
ASLN,2
CLGN,2
FXNC,2
AEYE,1
ALPN,2
OFS,3
LACQU,2
DDMX,2
BROGW,3
ONTX,2
GPAQ,2
INWK,3
RNWK,2
UBCP,2
HWCC,3
LSBK,2
PLL,4
HAPP,2
BLNK,3
MSBF,2
WHLRP,2
PFIE,3
UTSI,2
MAGS,4
NEPH,2
LACQ,2
HCCH,2
MCHX,1
CFMS,2
IMDZ,2
CYRN,2
USAP,2
ZGYH,2
FFBW,2
LSAC,2
ENLV,2
INSE,1
PESI,2
GRNV,2
HHHH,2
HMNF,2
ARDS,2
BSET,3
ASYS,3
DFFN,2
IDEX,2
GRNVU,2
TZOO,1
UG,2
RIOT,2
WRLSU,1
NBAC,2
PDEX,2
CHPM,3
JFK,2
GMHIW,2
NBACU,2
AWRE,2
EPSN,3
BMRA,2
ROCHU,3
TWIN,3
PAEWW,2
CHPMU,3
INVE,2
RBKB,2
SANW,4
FEIM,2
HHHHU,2
RSSS,3
LPTX,2
BVXVW,2
MITO,2
SEAC,3
CIH,1
AWRE,2
TORC,2
PTI,2
TACT,4
ASYS,2
ORMP,2
NHTC,2
SIC,3
JFKKU,2
DDMXU,2
SCYX,2
MWK,2
MRIC,2
EDAP,2
OPOF,2
MTBC,1
CTACW,2
HCCHU,2
BRAC,2
OTIC,2
ADMS,2
SVBI,2
WATT,2
BXRX,2
ONVO,2
ARTX,2
TZACU,2
SYBX,2
MIST,2
CLSN,2
DMTK,2
GNCA,2
REKR,3
HQI,3
KOPN,2
BCLI,2
HTBX,2
CFRX,2
ASFI,2
TZAC,2
CZWI,2
ATIF,2
CCRC,1
RDI,3
MNPR,2
IEC,2
TTOO,2
NFEC,3
FLXS,3
OPES,2
ALYA,2
SYNL,2
AVNW,2
SKYS,3
NBRV,2
III,2
GBDCR,2
MNTX,3
ISSC,4
ASRT,2
LSACU,2
AQXP,2
BLPH,2
LMPX,1
GNPX,2
EMMA,2
ZGYHU,3
ZDPFSX,2
ZDPFIX,2
ZDPFDX,2
ZDPFEX,2
ZDPFTX,2
PACQW,2
BWAY,2
SECO,2
OPESU,2
UNB,2
ANIX,2
SMTX,2
NTGN,2
EMKR,2
MRLN,2
LMST,2
WEBK,2
CCNI,2
STCN,1
SESN,2
PMBC,2
SORL,2
AIRG,2
TC,2
BKSC,2
WSTG,2
CPAAW,2
SNDL,4
AQB,2
BSVN,2
CIDM,3
MLVF,2
PAVM,2
CLSD,2
CVGI,4
PRGX,2
FPAYW,2
ZAGG,4
TFFP,2
APM,2
WINT,2
OTLK,2
RDCM,1
VUZI,2
OPBK,2
MWK,1
ADES,4
AMHC,2
FSFG,2
PBIP,2
PLBC,2
GEOS,3
WHLRD,2
AMHCU,2
SGOC,2
IDSY,1
MMLP,3
LKCO,2
VERO,2
PROV,2
DLHC,2
HBIO,2
ETON,2
SAL,2
IDN,2
CMBM,2
LINC,2
CTIC,2
BROGR,2
FUNC,2
AQMS,3
MRBK,3
LTRX,2
PCOM,3
MDCA,3
PEBK,2
ASUR,2
SSSS,2
TCRD,2
MYFW,2
FFNW,2
LTRX,2
PCYG,2
TRVG,1
FTEO,2
REFR,4
GHIV,2
CELC,2
GASS,3
DRTT,3
GLMD,2
EPIX,2
FTEO,3
SOHOB,2
EYPT,2
GHIVU,3
BSBK,2
CJJD,2
SNCR,1
LRAD,2
FCCO,2
WIN,2
LARK,2
CWBR,2
STND,2
CSBR,2
OFED,2
WINTD,2
UBFO,2
CATB,2
CRVS,2
PRTH,2
MHLD,2
PBBI,2
RDCM,2
SYNL,2
TWNKW,1
REPH,2
MFNC,2
FRAF,2
SOHOO,2
ABDC,2
ZEUS,2
LAKE,4
PFSW,1
SHSP,1
OVLY,2
SMED,3
BWFG,2
SHBI,2
AXON,2
SBFG,2
RVSB,2
SOHON,2
CBAN,2
VOXX,2
AXLA,2
AMRK,3
FGBI,2
MRAM,4
RESN,2
MBCN,3
WLFC,2
HWBK,2
SNFCA,2
CYCN,2
CART,2
FNCB,2
CALB,2
MESA,3
PCTI,2
EBMT,2
LUMO,2
EML,4
LIQT,3
XAIR,1
GNSS,2
IVAC,4
DBCP,2
CIZN,2
FVE,2
MNSB,2
RDCM,2
TEDU,3
PRTH,1
CKPT,2
LCUT,2
ACRX,2
ALDX,2
GRSHW,2
ACTG,3
ALT,3
KCAP,2
BELFB,2
CHMG,2
PHAS,2
PFSCF,2
MUDS,2
GSVC,2
OVBC,2
CBFV,2
METC,3
GLYC,2
AGTC,2
ESQ,2
RUHN,2
SVRA,2
ULBI,3
BELFA,2
IIN,2
CVLY,2
SURF,2
IMUX,2
FLLC,2
FCCY,2
MVIS,2
PVAC,3
OESX,4
AXGT,2
GSM,4
ESXB,2
FLLCU,2
TDACU,2
HROW,2
TCFC,2
VERU,2
CBIO,2
JRJC,2
KERN,2
CYAD,2
LJPC,2
FARM,2
CFFI,2
ALSK,2
ZYNE,2
AVCO,2
XFOR,2
GBDCV,2
AVEO,2
PWFL,2
MUDSU,2
GRNQ,2
SLCT,2
ANDA,2
TDAC,2
ICBK,2
BFIN,2
EXFO,2
SRRA,2
QTRH,2
NBEV,2
WINS,1
BPRN,2
ERYP,2
FBIZ,2
PXLW,2
ANDAU,2
CABA,2
BOCH,2
PIHPP,1
ESCA,3
FSTR,4
MBII,4
SLDB,2
STRS,1
LIZI,1
XONE,3
BFRA,2
PAAC,2
ELOX,2
SBFGP,2
DZSI,2
REFR,2
FNWB,2
RMTI,2
CDTX,2
OXSQ,2
SBT,2
THCAU,2
MGI,3
LEVL,2
TRVN,2
PCB,2
WRTC,4
ATOM,3
GAIA,3
GNSS,3
PAACU,2
ISTR,2
ORGS,2
APYX,2
FVCB,2
CMCT,2
PWOD,2
PERI,2
ABUS,2
BRID,2
REPR,2
PDLB,2
CLXT,3
ALACU,2
ORRF,2
HCAC,2
WNEB,2
ALAC,2
SREV,1
TSBK,2
MRCC,3
IDYA,2
RMBI,2
MBIO,2
FLNT,2
EGLE,3
XGN,2
MPVD,2
FONR,2
JG,2
AVCO,2
THTX,2
MCMJ,3
HCACU,2
RCKY,2
NWFL,2
PICO,1
LYTS,4
CPLP,3
HEAR,3
EVLO,2
QMCO,2
CBNK,2
CERC,2
PCTI,2
TELA,2
SAMG,2
SIFY,1
ICAD,2
GPP,3
OAS,3
AGFS,4
SOLY,2
DYAI,2
SAMAU,2
SAMA,2
LOGC,2
FOSL,3
ESSA,2
NMRD,2
EDTX,2
FRBK,2
FRBA,2
KNDI,3
ALGRU,2
EDTXU,2
NRIM,2
FCBP,2
NBN,2
ECOLW,3
AMSC,2
DLTH,1
SMSI,2
ENOB,2
CNFRL,1
AQST,2
PKBK,2
UNTY,2
SLNO,2
ALGR,2
ESSC,2
EOLS,2
SGC,2
BCML,2
KVHI,3
BCBP,2
MPB,2
CTRN,2
ESSCU,2
FNHC,2
CCB,2
GALT,2
INBK,2
BCOM,2
GSIT,2
PIRS,2
OPRX,2
SWKH,2
GENC,4
KIN,2
GSMG,3
PVBC,2
VERY,2
TIBR,2
LIVX,3
APTX,2
CRESY,2
GOGO,2
ATXI,2
TLC,2
VIOT,3
SCPH,2
NATR,2
FOMX,2
PNRG,3
NBSE,2
ASPU,2
AIH,2
AAOI,2
SBBX,2
MVBF,2
NEXT,3
FDBC,2
DMTK,2
GDYN,2
MARK,2
FSBW,2
DSKE,3
UEPS,1
WKHS,3
TRNS,2
LUNA,4
FENC,2
CRNT,2
IRCP,2
PRTK,2
AYLA,2
REDU,3
IMV,2
ATLO,2
ALTM,3
GECCM,2
GMLP,3
HURC,1
SLGL,2
ITI,2
WILC,2
AUBN,2
GTYH,1
JNCE,2
PTVCB,2
GCBC,2
FRGA,2
WEYS,2
CECE,3
VXRT,2
SPOK,2
BCLI,2
ARAV,2
TRCB,2
TYME,2
IMMR,2
GECCN,2
PKOH,2
ARYA,2
CLFD,2
SBBP,2
RTIX,2
TLSA,2
ARAY,2
CEMI,2
LYRA,2
LFACU,2
PSTI,2
VTVT,2
GFN,2
NCNA,2
BKCC,3
PROF,2
CVCY,2
SIEN,2
KZR,2
LFAC,1
XERS,2
KALV,2
WPRT,4
IPLDP,2
VRA,2
GRIF,1
DAKT,2
NNBR,3
PLSE,2
NKSH,2
TGLS,2
PTSI,2
BBCP,2
OPTN,2
INSU,2
PFBI,2
WHF,2
ENFC,2
CLMT,4
BVXV,2
SUNS,2
ISEE,2
LCNB,2
COFS,2
ALTM,3
FCAP,1
GNFT,2
GNRS,2
NRBO,2
OBSV,2
HOFT,2
RGCO,3
CYOU,2
MFSF,2
RDVT,1
MINDP,3
PFHD,3
GNRSU,2
THCA,2
TKKS,2
LXRX,2
HURC,4
FPRX,2
HBMD,2
INSUU,2
BKEPP,3
CMRX,2
HURC,1
IFRX,2
ARYAU,2
INBKZ,2
CARE,2
LFVN,2
JYNT,2
NIHD,2
RADA,2
SIEB,2
CYRX,4
DFNSU,2
CSTR,2
INBKL,2
AXTI,2
CVTI,3
XCUR,3
VERI,2
MNCL,2
ITMR,2
CONN,2
XOMA,2
IMVT,2
ONEW,2
CYBE,2
CWCO,3
FLMN,3
MNCLU,2
TIPT,2
ACNB,2
PCOM,2
LE,2
KRKR,1
DMRC,2
LOVE,2
TNAV,2
XNET,2
STXB,2
ATLC,2
PRTS,2
CUTR,2
PNNT,3
ALCO,4
SMBC,2
PCSB,2
DRTT,3
HSACU,2
GLAD,2
SILC,2
KLDO,2
PCYO,3
ADXN,2
TITN,3
OSBC,2
LMNR,4
SFST,2
AFMD,2
NYMX,2
RBNC,2
LMNL,2
VERU,2
MSON,2
FDUS,3
MNOV,2
HBCP,2
BROG,3
ASPS,2
TNAV,1
GRTS,2
SPRO,2
LATN,2
TITN,4
CCRN,3
RDHL,2
AVXL,2
GWRS,4
FBIO,2
LATNU,2
FNLC,2
LK,2
CIIC,3
NWPX,3
SMMF,2
KRKR,2
BWMC,2
PTVCA,2
ACBI,2
FCNCP,2
SSTI,1
LQDA,2
SPFI,2
CIIC,2
ORBC,2
HUIZ,3
IRMD,2
TBNK,2
OFSSI,2
CIICU,3
ICAD,1
PBFS,2
CSWC,3
SMBK,2
ADMA,2
GRWG,2
GWGH,2
FMAO,2
SCOR,3
CAMP,2
ADRO,2
ITIC,2
OPRT,2
STRL,3
CBMG,2
PFIS,2
EQBK,2
MRNS,2
MCBC,2
SONA,2
OFSSL,3
EXPC,3
GDYN,1
CIVB,2
OFSSZ,2
CIICU,3
CHMA,2
GPOR,3
GMDA,2
BSGM,2
IGIC,2
PLPC,4
VRML,2
EXPCU,3
VRAY,2
RBB,2
LMRK,2
ABEO,2
GRTX,2
FMCI,3
TITN,1
TARA,2
CBAY,2
DLTH,2
TCRR,2
AGRX,2
GLRE,2
CASI,2
EBTC,2
TELL,3
BWMX,2
AVID,2
SMMT,2
HTBI,2
AMCI,2
VSTM,2
NPA,2
LAWS,2
AMAG,2
FWP,2
MTRX,3
MCFT,2
SOHU,2
TNAV,2
FNKO,3
IMVTU,2
AOSL,2
ATRO,2
AKTS,4
UROV,2
HOOK,2
NH,2
BFST,2
NVEC,2
MCBS,2
OGI,4
CPTAG,2
NEPT,2
VALU,1
CDXC,4
BREW,2
EZPW,2
AMCIU,2
EVFM,2
VALU,2
VSEC,2
ATEC,2
CZNC,2
BCYC,2
CNCE,2
AMNB,2
TMDX,2
RMNI,1
PRQR,2
DFBH,2
NPAUU,3
CPTAL,2
TRUE,1
SPNE,2
QTT,1
WTRE,2
ATAX,2
MJCO,2
OPGNW,2
WLDN,2
CHSCM,4
RRBI,2
CDMO,2
VMD,2
CMFNL,2
CCNE,2
WTBA,2
BWB,2
SMMC,3
ATCX,2
BFYT,2
SSPK,2
NODK,1
OMP,3
BSRR,2
CRSA,2
GNTY,2
FSRV,2
SPKE,4
LEGH,2
CHSCN,4
SSPKU,2
DEACW,2
OVID,2
MPAA,3
MCRI,2
VFF,4
ALRS,2
MTBCP,1
HAYN,2
EGAN,2
FISI,2
LAND,2
HAFC,2
SWIR,2
OXFD,2
CLAR,3
FLDM,2
POWL,3
CATS,2
BWMCU,3
FMCIU,3
NFIN,2
CRSAU,2
CMCTP,2
HEBT,4
DXPE,2
TXMD,2
SMMCU,3
MNKD,2
CATC,2
CPSI,1
VALU,2
ARTNA,2
CHSCL,4
LNDC,2
CDEV,3
TKKSU,2
FSRVU,2
BCOV,1
MPAA,2
LNDC,2
GERN,2
GPP,3
PFLT,3
NFINU,2
MNLO,2
RECN,3
VTIQW,2
VLGEA,1
CCAP,2
IBCP,2
UFPT,4
CRAI,3
EIGR,2
SENEB,1
HIFS,2
CHSCO,4
DGII,3
CTAC,2
SELB,2
SENEA,2
MOFG,2
LNDC,4
HIBB,2
ICLK,3
VSEC,2
PAE,2
FLGT,2
CHSCP,4
RIGL,2
PAE,3
SPPI,2
GPRE,4
STRO,2
GNLN,2
KMDA,2
GBLIZ,2
CTSO,2
UTMD,2
GXGX,2
NEBU,2
OSMT,2
FFIC,2
PAYS,3
YI,2
MEIP,2
GBLI,2
FCEL,3
IIIN,4
GBLIL,2
UIHC,2
BRY,3
VRCA,2
FMNB,2
RDIB,2
THCB,2
DHIL,2
ETNB,2
CCBG,2
LOOP,4
THCBU,2
ITRN,2
DGICB,2
WVE,2
HBT,2
DTIL,2
MTSC,2
CASA,2
AVID,2
ALLT,2
GXGXU,2
NEWT,2
ORGO,2
DKNGW,3
OCUL,2
YJ,2
CFFA,2
CTACU,2
PGNX,2
IOTS,2
MGTA,2
USCR,2
CNTG,2
GAIN,3
CFFAU,2
HFFG,2
PSNL,2
EH,1
RGP,3
UBX,2
XENT,2
KRMD,2
AMOT,4
JMPNZ,2
ACTT,2
PGC,2
CDZI,2
PUYI,2
ACAM,2
SCVL,2
AXGN,2
AMTBB,2
APRE,2
COWN,2
ZIXI,2
PDLI,2
MITK,1
FRPH,1
MSBI,2
JMPNL,2
AMAL,2
BLFS,2
CSTE,2
HIIQ,2
ACAMU,2
ANIP,2
NEBUU,2
KE,3
BLBD,4
CIVBP,2
LCA,2
STKL,2
LCAHU,3
LOOP,2
FLXN,2
BBSI,2
ACTTU,2
CAN,2
MBWM,2
FREQ,2
UXIN,2
FLIC,2
AGLE,2
ULH,3
YGYIP,1
MPAA,2
BNFT,1
FCBC,2
ALBO,2
WSBF,2
ARLP,3
ANGO,2
KE,2
YIN,3
MRUS,2
CTMX,2
HCCI,4
DSPG,2
CALA,2
MCRB,2
DPHC,2
BOOM,4
DMLP,3
PBYI,2
QK,2
XBIT,2
THBR,2
MIRM,2
USLM,2
POPE,2
CLNE,3
VKTXW,2
EXTR,2
IMVTW,3
PGEN,2
KBAL,3
NSSC,4
DGICA,2
DPHCU,2
TIGR,3
STSA,2
ESTA,2
APXT,2
RAPT,2
VRRM,3
IMXI,2
SCHN,3
GRSHU,1
MEET,1
HCKT,3
XPEL,3
CNBKA,2
AMBCW,2
CSWCL,2
SYRS,2
BSTC,2
THBRU,3
HSII,3
FTAC,2
MRCCL,2
DVAX,2
BDGE,2
VYGR,2
BOMN,3
CMTL,2
WTREP,2
APXTU,2
ERII,4
FCEL,3
HWKN,2
CPRX,2
FULC,2
SVA,2
PUB,2
PRTA,2
AROW,2
FHL,1
GAN,1
ANDE,4
NCMI,3
ATRS,2
GILT,2
AGEN,2
NLTX,2
XENE,2
FMBH,2
AVDL,2
AGYS,1
TSC,2
BMRC,2
BYSI,2
FTACU,2
MYRG,2
WETF,2
GOGL,3
SPWH,1
BDSI,2
SITM,2
CODX,2
HBNC,2
WHFBZ,2
TIBRU,2
AXDX,2
PEBO,2
AEGN,2
PACQU,2
PACQ,2
BFC,2
CNSL,2
IPHA,2
WINA,2
FBMS,2
TBBK,2
HONE,2
ANIK,2
ANCX,2
SIGA,2
HYAC,2
ATTU,1
SBLK,3
VBIV,2
UVSP,2
MGIC,2
IMRA,2
NEWTI,2
RILY,2
CAMT,2
EIGI,2
NESR,3
TRIL,2
DUO,1
DRRX,2
THFF,2
NEWTL,2
CBTX,2
SIBN,2
GMHI,2
CENX,2
SP,2
CGBD,2
IESC,2
MOBL,2
QCRH,2
HYACU,2
CFB,2
RILYN,2
FDUSG,3
DBVT,2
RILYM,2
UCFC,2
HTBK,2
OBNK,2
RILYP,2
RUBY,2
DCOM,2
SRDX,2
MBIN,2
GMHIU,2
CAC,2
HIMX,4
PDFS,2
VKTX,2
APRE,2
APPS,2
HARP,2
ANAB,2
URGN,2
WRLD,2
METX,3
ADTN,2
AMTB,2
ICHR,2
GECCL,1
TVTY,2
AMRS,4
QNST,3
LANDP,2
LNTH,2
LMAT,2
GIII,2
ESGRO,2
ACIU,2
FDUSL,3
FDUSZ,3
NERV,2
CRBP,2
GRSH,2
ESGRP,2
BCEL,2
ATHX,2
CRMT,2
ECHO,3
FREQ,2
RDUS,2
RILYO,2
FRG,3
MERC,4
HLIT,2
RILYG,2
PACB,2
ABTX,2
RILYZ,2
PDFS,1
GRBK,3
APTO,2
TILE,3
KROS,2
CRNX,2
YORW,4
SRRK,2
ARCB,3
PRVL,2
CNDT,3
APOG,4
PTGX,2
AOBC,2
MIK,2
BMTC,2
WASH,2
MFINL,2
TRMD,3
LMRKO,2
LOB,2
FORR,3
LBC,2
HMST,2
LMRKP,2
VECO,2
LBAI,2
CPAA,2
BHBK,2
MGTX,2
RILYI,2
RILYH,2
VIVO,2
SNDX,2
BCOR,1
VNDA,2
NFBK,2
AGMH,2
QTNT,2
CLVS,2
AMSWA,2
FRTA,2
RBBN,2
CHEF,3
IMKTA,2
PFBC,2
ZYXI,2
GLDD,3
CASS,1
GSBC,2
CELH,2
STML,2
QADB,1
KELYA,2
XBITV,2
LORL,2
SPAR,2
NCBS,2
DXPE,2
CRTO,1
PRVB,2
ADAP,2
LMRKN,2
ZHGITX,2
ZHGIDX,2
ZHGIIX,2
IPHS,4
BLU,2
CTBI,2
GOOD,2
AUTL,2
EBSB,2
BPFH,2
OCSL,2
CNOB,2
VRRM,2
CPAAU,2
UEIC,3
ZUMZ,2
HEES,2
VCEL,2
PI,2
NVEE,2
SGH,1
VRRM,2
KBAL,2
AMEH,2
RBCAA,2
KELYB,2
RCEL,2
SCSC,2
LLNW,2
TBK,2
MBINO,2
ATRA,2
WIFI,2
CSTL,2
TCX,1
TRST,2
TSCBP,1
CASH,2
AERI,2
ARDX,2
FIXX,2
COHU,2
ASMB,2
OFIX,2
FDEF,2
AINV,3
EXPI,2
COWNZ,2
PLCE,1
GNMK,2
GTHX,2
MGPI,4
OSTK,2
RILYL,2
NIU,3
RLMD,2
MATW,3
KALA,2
COWNL,2
MBINP,2
EBIX,2
MORF,2
FFWM,2
RTRX,2
GRPN,3
SLP,1
QIWI,2
KFRC,2
SLRC,2
OGI,2
REPL,2
AKRO,2
DCOMP,2
GLADL,2
DOMO,2
CRZO,3
CDXS,4
OYST,2
MTEM,2
HFWA,2
QK,1
SGRY,2
FRHC,3
PTNR,2
NXGN,1
UFCS,2
SPTN,3
GLADD,2
MCSBL,2
WINA,2
AVRO,2
NK,2
CMCO,2
NTGR,2
ZIOP,2
GSKY,2
GLNG,3
GFNSL,2
OPB,2
EXPI,2
CARA,2
TPIC,3
IMOS,4
HA,3
OPRA,1
XON,2
QTRX,2
JFU,1
HSTM,1
CEVA,2
PETS,2
TSCAP,1
GPRO,3
NWLI,2
NTGR,1
DHC,2
TTGT,1
VRTS,3
VREX,2
JOUT,3
PNTG,2
XPER,2
CUE,2
VRTSP,2
NTUS,2
BCRX,2
PTEN,3
GOODN,2
PRIM,2
PLAB,2
HOLI,2
GOSS,2
SG,3
ARCT,2
FBNC,2
SPKEP,3
EGRX,2
KRNY,2
CARB,2
COLL,2
SYBT,2
CLLS,2
GAINL,3
LASR,2
KURA,2
ORIC,2
NMRK,2
IIIV,1
NXEO,4
OSPN,1
CARO,2
HSKA,2
RAVN,4
KIDS,2
GAINM,3
EFSC,2
BRKL,2
INGN,2
OMER,2
GOODM,2
FUTU,1
CYRXW,3
UCTT,2
BRP,2
OSUR,2
VTIQ,2
IMGN,2
PRSC,3
RPAY,2
KRYS,2
UPLD,2
GABC,2
TCPC,2
AMPH,2
PETQ,2
DEAC,2
NANO,2
NYMT,2
SY,1
AFIN,2
TIVO,2
RYTM,2
RCII,1
TCBK,2
ENDP,2
NBLX,3
ACLS,4
BABY,2
RMR,2
INFN,2
STOK,2
NTLA,2
QADA,1
SNBR,3
CYRX,3
ATEX,2
RDNT,2
BTAI,2
SRCE,2
ATNX,2
STFC,2
ZBCIWX,2
ZBCITX,2
VBTX,2
ZBCIIX,2
TLND,1
ORTX,2
HHR,2
ACHN,2
ROAD,3
INMD,2
NXTC,2
FANH,2
STBA,2
SNDL,3
VRTU,2
OCFC,2
BBBY,2
ASTE,4
CERS,2
INTL,2
ATNI,2
SBSI,2
LORL,2
TCMD,2
FRHC,3
PLUS,2
WIRE,4
JBSS,2
INSG,2
KCAPL,2
ENTA,2
BGCP,3
DERM,2
AAWW,3
ESIO,3
TRS,3
BUSE,2
SSYS,2
PASG,2
PRSC,3
ECPG,2
SRNE,2
HCAT,2
OXSQZ,2
CGEN,2
HURN,2
FARO,1
MBUU,2
APLT,2
ACMR,3
CSWI,4
ODT,2
OXSQL,3
PAHC,2
MRSN,2
AUDC,2
CHCO,2
LX,2
MYGN,2
CVGW,2
SCWX,2
ESPR,2
AMWD,2
MATW,2
GCVRZ,2
RCKT,2
RDWR,2
COOP,2
GGAL,2
MDRX,1
NSTG,2
AIMT,2
OFLX,4
HLIO,4
CNXN,1
MLAB,2
REGI,4
MGNX,2
VCTR,2
EGBN,2
ECOL,3
CSIQ,3
LKFN,2
SYKE,1
ARQT,2
OPINI,1
FORTY,1
TRUP,2
MSEX,4
PRFT,3
JRVR,2
SONO,2
SVC,2
SPNS,1
KALU,2
BROG,3
NMIH,2
CRNC,1
VTIQU,2
SASR,2
ATRI,2
FSCT,1
AMSF,2
REAL,1
MSTR,1
AHCO,2
SAFT,2
IBKCN,2
TBIO,2
ILPT,2
CATM,2
SPWR,3
CHNGV,1
SILK,2
SIVBP,2
SBCF,2
QFIN,2
ICFI,3
SPT,1
RVNC,2
BROGU,2
CYTK,2
TCBIL,1
RCM,3
KNSA,2
TCBIP,1
BEAM,2
PHAT,2
CRVL,2
VNET,2
HTLF,2
TTMI,4
SUPN,2
OPI,2
AXNX,2
HOPE,2
PDCE,3
CORE,2
ATSG,3
BANF,2
IBKCP,2
PATK,4
VCYT,2
PATK,3
MEOH,4
TLRY,4
ROIC,2
IBKCO,2
NVMI,2
RTLR,3
SMCI,2
GLUU,1
MTLS,1
TCDA,2
ODP,2
CHRS,2
PPBI,2
ZEAL,2
NWBI,2
GMLPP,3
CSII,2
KPTI,2
THRM,4
NGM,2
IMAB,2
RUSHB,2
OSIS,1
PSDO,2
CRTX,2
RCII,2
SWAV,2
STMP,1
OCFCP,2
CDNA,2
BANR,2
CNST,2
PTLA,2
PLUG,2
EVER,2
NRC,2
FFBC,2
UBSH,1
BDTX,2
WTFCM,2
MGRC,2
UPWK,2
MRTN,3
FWRD,3
CDMOP,2
RNST,2
LMNX,2
ROCK,3
KLIC,3
SMPL,3
TOWN,2
FLWS,2
PNNTG,3
NBTB,2
TRHC,1
ITCI,2
FBIOP,2
INVA,2
MINI,2
ZNTL,2
RCM,2
TCBI,2
NAVI,2
DRNA,2
ADUS,2
MESO,2
MLHR,3
GTLS,3
RUSHA,2
CAR,2
AKCA,2
WSFS,2
IPAR,2
EDIT,2
OPK,2
OMAB,3
TWST,2
WSBC,2
YMAB,2
VIR,2
CHNG,2
UNIT,2
EGOV,1
RGNX,2
SWTX,2
TWNK,2
TBPH,2
CSGS,1
PLMR,2
BZUN,2
FMBI,2
FRME,2
SGMO,2
SIMO,2
WABC,2
TRMK,2
UCBI,2
HUBG,3
BEAT,2
SCPL,2
IMVT,2
ZGNX,2
IBTX,2
PRAA,2
WSC,2
VNOM,3
ARVN,2
ADVM,2
LGND,2
CLBK,2
AVAV,2
IRWD,2
SMPL,2
SKYW,3
OTTR,2
HRTX,2
MB,1
CORT,2
AKBA,2
CFFN,2
PSMT,1
CVET,2
BOKFL,2
IDCC,2
HTLD,3
RMBS,2
ALGT,3
CDLX,1
STAA,2
AUPH,2
BECN,2
HCSG,2
BMCH,4
PRGS,2
XNCR,2
CVLT,1
MGLN,2
MDGL,2
RVMD,2
ABCB,2
URBN,2
NSIT,1
EIDX,2
CVCO,3
PCRX,2
CENTA,2
SSB,2
COMM,2
CTRE,2
COLB,2
EPZM,2
PDCO,2
SANM,2
IGMS,2
FULT,2
KTOS,4
EVOP,2
FORM,2
AMBA,2
KRNT,4
SAGE,2
GT,3
IMVTU,3
IOSP,4
AUB,2
HCSG,2
NARI,2
TTEC,2
NTCT,1
SFNC,2
CENT,2
PLXS,2
SNH,2
PSEC,3
RUN,4
HWC,2
SFBS,2
GBDC,2
ANAT,2
PGNY,3
FOCS,2
IRBT,3
MNRO,2
VC,3
WAFD,2
CROX,2
IBOC,2
SBLKZ,3
INO,2
CSFL,2
AIMC,2
MTSI,2
LAUR,3
CIGI,2
SHOO,2
FIBK,2
AFINP,2
SYNA,1
ATRC,2
HWCPL,2
THOR,2
SINA,2
TSEM,2
CALM,2
LGIH,2
EPAY,1
EXLS,1
PACW,2
GSHD,2
TWOU,2
RUN,3
PRNB,2
SABR,2
DORM,4
RARX,2
CATY,2
EYE,2
KRTX,2
NFE,3
FHB,2
CRON,4
SYNA,2
COKE,2
RPD,1
NGHC,2
SSRM,2
TIGO,2
CMPR,2
TPTX,2
PCH,2
BHFAO,2
SPSC,1
VG,2
BHFAP,2
ISBC,2
MGEE,3
ARQL,2
SFIX,2
ONB,2
LPSN,2
BHFAL,2
INDB,2
MMSI,2
ICPT,2
IBKC,2
RUN,3
FELE,4
ALRM,1
MIME,2
VICR,2
BAND,3
CSOD,1
CWST,3
AMRN,2
ENSG,2
AEIS,4
TGTX,2
ACHC,3
BLDP,3
FATE,2
DOYU,1
INSM,2
ALEC,2
HOMB,2
WDFC,4
BLDR,4
JJSF,2
UMBF,2
VRNS,1
APLS,2
VEON,2
DIOD,2
PEGI,2
VIE,2
NVAX,2
AMKR,2
UMPQ,2
NGHCO,2
ALKS,2
NGHCN,2
OPCH,2
FEYE,1
WTFC,2
GLIBP,2
AY,2
NGHCP,2
LIVN,2
VIAV,4
HMSY,2
BOLD,2
SHEN,2
ITRI,2
VSAT,2
FIZZ,2
ALTR,1
SVMK,2
HCM,2
CVBF,2
NTRA,2
ARCE,2
ORBK,2
QURE,2
ACIA,2
AVT,2
SBRA,3
AAON,4
KOD,2
UFPI,2
DNLI,2
NGHCZ,2
CBSHP,2
SLM,2
SAIA,3
AXSM,2
GFNCP,2
FOXF,3
SFM,2
ARNA,2
JBLU,3
BIOS,2
OMCL,1
INOV,1
RDFN,2
PS,2
BHF,2
TLRY,2
CARG,1
VRNT,1
CHFC,2
FCFS,2
SDC,2
TENB,1
BLKB,1
OZK,2
WERN,3
BRKS,2
EHTH,3
MANT,1
SAFM,2
FRPT,2
PTCT,2
SATS,2
NEO,2
HAIN,2
IRDM,2
ACIW,1
STMP,3
ESGR,2
FOLD,2
DOOO,3
HALO,2
NUVA,2
PNFP,2
DCPH,2
SIGI,2
FGEN,2
BCPC,4
SMTC,2
MANT,2
POWI,2
KNSL,2
LSCC,2
CMPR,2
MEDP,2
GO,2
IRTC,2
NTRA,2
ARWR,2
BLUE,2
MAT,3
VLY,2
QRTEA,2
QRTEB,2
BPMC,2
TREE,2
OCSLL,2
MOMO,1
ALLK,2
ROLL,4
COHR,1
MBFI,2
BPOP,2
AGIO,2
NOVT,2
SLGN,4
CCOI,2
TCFCP,2
DSGX,1
VIR,2
CRON,2
FTDR,3
FSV,2
JCOM,1
MNTA,2
WB,2
EXPO,4
NEOG,2
WMGI,2
GWPH,2
KC,3
BOKF,2
CRSP,2
CCXI,2
UBSI,2
ONEM,2
BL,1
CYBR,2
YY,1
SLAB,2
LFUS,4
APPN,2
NKTR,2
TSRO,2
MIDD,3
FCNCA,2
ICUI,2
SDGR,1
LOGM,1
HPT,2
CBPO,2
PINC,2
TERP,2
IIVI,2
GBCI,2
MOR,2
JOBS,1
DHCNI,2
RARE,2
VIRT,2
ONCE,2
LANC,2
JSM,2
GBT,2
RETA,2
HLNE,2
DHCNL,2
BBIO,2
CRUS,2
CCMP,2
TTEK,4
WWD,4
QLYS,1
IART,2
LSTR,3
FFIN,2
TFSL,2
HQY,2
AAXN,2
MRTX,2
LOPE,2
FTSV,2
HELE,3
CCMP,4
EVBG,1
TCF,2
IOVA,2
TECD,2
NTNX,2
NBL,3
SEDG,2
MRCY,1
FSLR,4
CDK,2
TNDM,2
ADPT,3
SRCL,2
GRFS,2
ZLAB,2
COLM,2
AAL,3
LECO,4
FLEX,4
LHCG,2
UTHR,2
IQ,1
APPF,1
NATI,2
HDS,2
PBCT,2
LVGO,2
NTRSO,2
NTRSP,2
EEFT,1
PPC,2
XLRN,2
ATHN,1
EWBC,2
ANGI,1
PAAS,2
LITE,3
MYOK,2
MANH,1
ARRS,2
OLLI,1
CASY,2
ZION,2
STLD,2
FLIR,3
MKSI,2
FIVE,2
LPLA,2
SNHNI,1
AMED,2
SRCL,2
CREE,2
CHNGU,1
SBNY,2
ESLT,1
NWL,2
FIVN,1
ALLO,2
SNHNL,1
MORN,2
IDTI,2
JAZZ,2
ZG,3
PFPT,1
NUAN,2
Z,3
PRAH,2
UHAL,2
NYMGP,2
SYNH,2
LITE,2
ARCC,3
GNTX,3
QDEL,2
RGEN,2
NVCR,2
MORN,3
MDCO,2
SEDG,4
RP,1
PCTY,1
BRKR,2
CACC,2
AZPN,2
MLNX,2
NYMTM,2
FANG,3
LOXO,2
ASND,2
LAMR,3
ON,2
NYMTO,2
NYMTN,2
REYN,4
OLED,2
ENPH,3
CBSH,2
NYMTP,2
GLIBA,2
EXEL,2
AGNC,2
PEGA,1
ZNGA,1
BYND,2
GLPI,3
TXG,2
REG,2
UBNT,2
IONS,2
IMMU,2
ACAD,2
ERIE,3
ULTI,1
BPYU,2
ENTG,2
SEIC,3
GDS,1
IPGP,2
GH,2
CONE,2
BILI,2
DOX,1
LKQ,3
ICLR,2
PTC,1
RGLD,2
CY,2
FFIV,2
MYL,2
HSIC,2
UAL,3
ARGX,2
LOGI,3
VLYPO,2
ABMD,2
HZNP,2
MPWR,1
STNE,2
DBX,2
PPD,3
ZS,1
HBAN,2
ACGLP,2
CG,3
TECH,2
CINF,2
HAS,3
VLYPP,2
POOL,2
ACGLO,2
NTAP,2
NDSN,3
LYFT,2
BPY,2
XRAY,2
WIX,2
TRMB,2
BPYUP,2
ETFC,2
IEP,3
CHRW,3
CGNX,2
BNTX,2
OTEX,2
NBIX,2
PBCTP,2
TER,2
PFG,2
NICE,1
SIVB,2
BPR,2
PODD,2
LNT,3
YNDX,1
NLOK,1
AGNCP,3
QRVO,2
MASI,2
ACGL,3
MDB,1
SRPT,2
EXAS,2
BGNE,2
EXPD,3
AGNCO,3
JBHT,3
AGNCM,3
GLPG,2
ROKU,3
AGNCN,3
ZG,2
Z,2
DEACU,2
HOLX,2
STX,2
JKHY,1
TTD,3
FSDDF,4
ZBRA,2
WDC,2
TW,1
TSCO,2
COUP,2
SLMBP,2
ULTA,2
SYMC,2
FITB,2
SSNC,1
ALNY,2
TTWO,2
MXIM,4
RYAAY,3
CHKP,1
CDW,2
ETSY,3
AKAM,1
CRWD,1
DKNGW,1
GRMN,2
XP,1
CTXS,1
NTRS,2
BPYPN,2
FITBO,2
MKTX,2
BPRAP,2
NDAQ,3
BPYPO,2
FITBP,2
BPYPP,2
CDNS,1
BMRN,2
GMAB,2
MRNA,2
FITBI,2
ODFL,3
ALGN,2
SWKS,1
DDOG,2
MRVL,2
CPRT,3
DLTR,2
CERN,2
AMTD,2
FTNT,2
INCY,2
IBKR,2
XLNX,2
OKTA,1
IAC,1
ANSS,1
DOCU,2
FAST,3
ALXN,2
MCHP,2
CDNS,1
VRSN,1
LBRDA,2
MTCH,2
LBRDK,2
DKNG,2
PAYX,1
IDXX,2
CSGP,2
SNPS,1
HBANN,2
PCAR,4
HBANO,2
WLTW,2
SGEN,2
VRSK,2
ERIC,4
KLAC,2
TROW,2
SPLK,1
NXPI,2
BIDU,1
CTSH,2
ORLY,2
XEL,3
DXCM,2
SBAC,2
EA,3
ROST,2
LULU,2
EXC,2
MNST,2
WBA,2
KHC,2
WDAY,1
LRCX,2
MELI,1
PDD,2
ADI,2
TEAM,2
VOD,2
ADSK,1
ZM,2
AMAT,2
NTES,1
BIIB,2
AMAT,4
ILMN,2
ATVI,3
MU,2
CSX,2
EQIX,2
REGN,2
AMD,3
ADP,1
CME,2
JD,3
ISRG,2
FISV,1
MDLZ,2
VRTX,2
INTU,1
QCOM,2
GILD,2
ASML,1
TXN,2
AVGO,2
SNY,2
TMUS,2
AMGN,2
ASML,3
COST,2
TSLA,2
PYPL,1
ADBE,1
PEP,2
CSCO,1
CSCO,1
NVDA,3
INTC,2
AVGOP,1
FB,1
ZNWAA,3
GOOG,1
GOOGL,1
AMZN,3
MSFT,2
AAPL,2
YZCM,2
NVMM,2
BOXLW,2
SXTC,2
CIICW,3
TPNL,3
UREEW,3
SSLJ,3
AMCN,2
FSNN,2
KREE,2
CMEX,2
ZGYHU,2
ESND,2
ACET,2
XGTI,2
TISA,2
CMSS,2
BCAC,2
SCAC,2
TCBIW,2
ZGEAPX,2
ZGEASX,2
ZGEADX,2
BNCL,2
CMSSW,2
TWLVR,3
HMTA,2
HUNTU,2
DSTXX,2
GTYHW,2
TWLV,3
ZGEAIX,2
ZGYHA,2
VEACW,2
EAGLW,2
SNHVV,2
CMSSU,2
BLMT,2
VEAC,2
CSGY,2
SMSH,2
TWLVU,3
ZGEAEX,2
EAGL,2
HUNTW,2
HBK,2
FLF,2
VEACU,2
PPD,2
MBFIO,2
RBZAW,2
GTYH,2
BCACW,2
WHLRW,2
ZGEATX,2
SCACU,2
ZGEAQX,2
GTYHU,2
NCOM,2
SCACW,2
ZGEAAX,2
EAGLU,2
TWLVW,3
TIRXA,2
HUNT,2
DFPHW,2
CMSSR,2
AMEHW,2
ENSGV,2
EMMAW,2
KANG,2
PNTGV,2
WMGIZ,2
BPTS,2
DRMT,2
PTX,2
ARDM,2
MCLBW,2
ALQA,2
OMED,2
LENS,2
OPHT,2
IPCI,2
AHI,2
CMTA,2
PLTX,2
PRAN,2
NXTM,2
ASNS,2
LUNG,2
SBOT,2
CASM,2
OSIR,2
PHII,2
FLRZ,2
SCCI,3
PGLC,2
ABAC,4
DELT,4
CYRXW,4
NXEOU,4
KRAT,4
SPWAV,2
HQCL,3
FTD,2
CPTI,2
IPAS,2
CCIH,2
IIJI,2
NGJY,2
BBOX,2
AIRTV,3
ONEW,3
RWGE+,2
HK+,3
PFH,2
MDLY,3
CCAC+,1
DMYT+,2
ALUS+,2
SCVX+,2
GLEO+,2
GIX+,1
SFTW+,2
GIX^,1
KEG,2
RMED,2
ECT,3
NSCO+,1
XRF,1
SHLL+,2
NTZ,3
QHC,2
DFNS+,2
MFAC+,2
ROYT,2
BAS,2
SSI,2
GIG+,2
HOS,2
LHC+,2
OBE,3
AAC,2
MTR,2
IPV+,2
UNT,2
SPN,3
RMG+,2
HHS,3
EQS,2
PIR,2
PSV,3
CGA,4
PIC+,3
TRNE+,2
GRAF+,3
TDW+B,3
LGC+,2
SCX,3
CSU,2
FELP,3
RPLA+,2
PER,2
ICD,3
CHAP,3
SCPE+,2
PRT,2
HCR,2
CLD,3
HK,3
QES,3
OAC+,2
PYX,2
JIH+,2
RYCE,4
ALTG+,3
VJET,3
SBE+,3
CHKR,2
RTW,2
CHK-D,3
BRPM+,2
PACD,3
NM,3
JILL,2
TDW+A,3
SMTA,2
BBW,2
SUP,3
VOC,3
SMHI,3
AXR,2
FGP,2
ALTG+,3
ATV,1
FET,3
IO,2
PYS,2
NE,3
JP,2
NRT,2
ARC,3
AMPY,3
SPAQ+,3
LXU,4
AP,2
VJET,2
CCM,2
CCXX+,3
HZN,2
SOL,2
NM-G,3
CRT,2
TTI,3
MN,2
AP,3
NBR-A,3
KFS,2
ONDK,3
SOL,3
PYT,2
NM-H,3
SDRL,3
CIC+,2
CELP,3
SBOW,3
FPAC+,1
I,2
PVL,2
CBL,2
JMP,2
SCVX,2
MOSC+,2
DMYT,2
RYB,2
EGY,3
DLNG,3
VVNT+,1
SD,3
RNGR,3
SCVX=,3
JCP,2
CHRA,3
DMYT=,3
BCRH,2
WEI,1
HPR,3
NFC+,2
STON,2
NINE,3
TLRD,2
FEDU,3
ATTO,3
CVIA,2
STG,2
HCFT,2
VVNT+,1
CCAC,2
JE,3
RENN,2
IO,3
GNC,2
CCAC=,2
NWHM,3
AFI,3
CRC,3
ALUS,1
VNCE,2
ALUS=,2
VAL,2
SFUN,1
BXC,2
CDR,2
PHX,3
XAN,3
LEAF,1
NMM,3
FTK,3
VEL,2
BORR,3
LITB,2
SFTW,2
RWGE=,1
RWGE,2
EDN,2
CTRA,3
WLL,3
ORN,3
SFTW=,2
NREF,2
ELVT,2
GSL,2
BGG,3
TWI,3
CSS,2
HIL,3
CULP,4
AHT,2
BNED,2
RRD,3
SMLP,3
LAIX,1
XYF,2
PSTL,2
CTST,4
PINE,2
LXU,3
JT,2
NNA,2
MITT,2
USDP,3
PRTY,2
PEI,3
AI,3
NGS,2
PACK+,2
SRL,2
OCN,2
SB,3
PACK+,4
BW,2
HOV,2
UAN,4
TPGH+,1
HBB,3
RFM,2
BHR,2
DAC,3
CCH+,1
MPO,2
BRS,3
ERA,3
GHM,3
WLH,2
APRN,1
KODK,3
MOGU,2
EARN,2
SPLP,3
CCR,3
FEAC+,2
CSLT,2
BGSF,2
MVC,3
WMC,3
SQNS,2
ACEL+,1
MEC,3
NYCB-U,1
MDR,2
DSX,3
CMCM,1
RMI,2
DO,2
GIG,2
RYAM,4
MHNC,2
DNR,3
CLPR,1
XIN,3
HCHC,3
EXPR,2
SALT,3
JMEI,2
CHK,3
GPX,3
WBAI,1
CCX+,3
ARL,1
MG,2
WPG,2
NSCO,2
ENZ,2
SFE,2
ARGD,2
VNTR,4
TCS,2
TREC,3
ETI-,2
DHX,1
JWS=,2
GIX,2
VSI,2
IPI,2
CORR,2
CHMI,3
PDS,3
EZT,2
NL,3
GIX=,2
SCM,3
SRT,3
ANH,3
CBL-E,1
RFP,4
GEN,2
DFNS,2
GLEO=,2
WHG,2
GLEO,2
NL,4
TLYS,2
CTST,2
QUAD,3
NLS,3
CBL-D,1
SAR,3
NRP,3
BTE,3
ASPN,4
BMRG=,3
CHS,2
IDT,2
TCI,1
AGS,3
TMST,2
TISI,2
TUP,3
HTZ,2
SUPV,2
EEX,3
NOA,2
RM,2
LEJU,2
CEIX,3
BRPM,2
ARLO,3
AJX,2
OSG,3
NC,2
ESTE,3
BPT,2
AT,2
LHC,2
NFH+,3
MIXT,1
BBX,2
BEDU,3
ELU,1
ASC,3
GIK=,3
LND,4
RYI,2
MLP,2
BRT,2
ELJ,1
NR,3
ASPN,2
ELC,1
GNK,3
IRS,2
LHC=,2
ARA,2
NTP,2
TDW,3
ALTG,2
HUD,2
DFNS=,2
CPS,2
SMLP,3
MR,3
BW,3
HT,2
GHL,2
LDL,4
PKD,2
PLYM,2
GNE-A,3
GLOP,3
FPI,2
MFAC,2
LPI,3
GNE,3
ASPN,3
SCPE,2
SLCA,2
ARD,4
DL,3
PBT,2
ERA,2
VRTV,2
MFAC=,2
IVC,2
HEXO,4
VRT+,3
VVNT+,3
UTI,3
GCAP,3
MCB,2
SCPE=,2
CORR-A,2
QEP,3
AMBC+,3
EXTN,2
USX,3
IPV,2
MSB,2
IPV=,2
CINR,2
HMI,3
OAC,2
MOV,3
CATO,2
PKE,2
RVI,2
OIS,3
LOAK=,2
SNR,3
CNF,2
SFE,2
SPCE+,1
MNK,2
OAC=,2
FLNG,3
SAF,3
ACRE,2
VIST,3
AGM-D,2
BGG,3
UFI,4
ODC,4
HKIB,3
AGM-A,2
EXK,2
OPY,2
FLY,2
RFL,2
WSR,3
JE-A,3
CPLG,2
LL,1
SI,3
TNP,3
AGM-C,2
MOD,3
GSH,3
IPOA+,2
TVC,2
ALTG,2
TVE,2
CCXX,2
TLRA,2
SAB,2
NBR,3
CSPR,3
SXC,3
RMG,2
CCXX=,3
RMG=,2
JCAP,3
MCI,2
SHLL,2
ECR,3
DFIN,2
SHLL=,2
GLOG,3
CPE,3
FINV,2
GPMT,2
OOMA,2
ORC,2
COE,1
FVAC=,2
PVT=,2
QD,1
GME,2
CURO,2
DPLO,2
DPLO,2
GSAH+,2
FC,3
SOI,3
LCI,2
DX,3
CIR,3
ETH,3
TPVG,2
OOMA,1
TK,3
BTU,3
OLP,1
GCO,2
VHI,4
CO,2
HVT,1
VPG,2
NC,3
BZH,3
BRPM=,2
MITT-C,2
CRD.B,2
HOME,2
CAL,2
HMLP,3
MUX,2
MITT-B,2
RC,3
ANFI,4
HVT.A,1
IRET-C,2
SRLP,3
SOAC=,2
NVGS,3
XAN-C,2
PIC,3
NGVC,2
CAI,3
PZN,3
YRD,1
BCEI,3
SOGO,1
MITT-A,2
GRAM,3
CRD.A,2
MLR,3
PIC=,3
GLP,2
CLDT,2
CIA,2
TUFN,2
ASIX,4
MOSC=,2
BBDC,2
NSS,3
RUBI,3
AMOV,2
HRTG,1
SRG,1
MTW,3
LAC,4
GSLD,2
JMIA,1
APTS,3
HCI,2
BHR-B,2
PCPL=,1
SGU,3
GSL-B,2
CHMI-B,3
LAC,2
CUBI,2
CTK,1
HCLP,2
TRNE,2
SCE-G,2
LGC,2
MTL,2
TRC,3
GRAF,2
TRNE=,2
GBL,2
KOP,4
SBE,2
DCO,2
MPX,3
WTI,3
FSB,2
CAI-B,3
LXFR,2
GTX,3
CHMI-A,3
TGS,3
PROS,2
MX,2
CAI-A,3
SPLP-A,3
SBE=,2
ECOM,2
LGC=,2
GRAF=,2
RESI,2
SBR,2
AVD,4
NFC,2
CTT,2
REX,4
REVG,2
CAAP,3
VVI,3
CYH,2
MVCD,1
TGI,2
ONE,3
NPTN,2
JIH,1
LC,2
MTL-,2
UBP,1
DBD,2
SM,3
NX,2
RPLA,2
JIH=,1
GTS,2
VST+A,3
HZO,2
JMPE,2
HT-E,2
DSSI,3
RPLA=,2
CARS,1
IHC,2
ENVA,3
PPX,1
HT-D,2
CIC,2
OMN,4
FRAC,3
SCA,3
CIO,2
HT-C,2
PAR,2
CEL,2
EFC,2
PBI,3
PACK,2
TMCX,2
CEPU,2
BFS-D,2
VLRS,3
BFS-E,2
PPDF,2
IIPR-A,1
CEQP-,3
BLX,2
GPRK,3
TGH,2
TPB,2
OMI,2
VVNT,2
BHR-D,2
EBF,2
IVR,3
LPG,3
CPF,2
CLW,4
IPOB=,1
AKS,2
NCS,3
CCO,3
CRCM,2
HLX,3
JMPD,2
AGRO,4
PEI-C,2
JHB,2
DX-C,1
MRC,2
PEI-D,3
HY,2
VVNT,2
KNOP,3
RPT,3
VRS,4
BY,2
CYD,3
MOSC,2
AJXA,2
MBI,2
PUMP,3
DAO,1
LGVW=,2
CMO,2
MYE,4
GTT,2
ARCH,3
RMAX,2
PARR,3
PACK,4
TG,3
DBI,2
WFT,2
VAPO,2
UMH,1
VSTO,3
FI,3
ATEN,1
UBA,1
LOMA,2
GMRE,3
DX-B,1
JCAP-B,1
ARR,2
SRG-A,1
RUBI,1
CANG,1
FF,4
WOW,2
TPC,3
KRA,4
PEI-B,3
WNC,2
NEXA,2
WTTR,3
AGX,3
TEN,3
DX-A,1
TPGH,2
THR,3
FG+,1
TRTX,2
PLT,2
TBI,2
SRI,3
CPAC,2
DLNG-B,3
OII,3
CKH,1
CAPL,2
CCH,1
REV,2
VCRA,2
UVE,1
CMRE,3
LBRT,2
AI-B,3
ACEL,2
BANC,2
KNOP,3
SIG,2
BHLB,2
TNK,3
DLNG-A,3
KNL,3
ACCO,2
NEW,3
PBFX,3
NPK,3
QUOT,2
AI-C,3
SKT,2
GOL,3
RWT,2
TOO,3
FBM,2
ERF,2
VEC,2
CCH=,1
NEX,3
PSB-Z,2
NGL,3
CUBI-F,2
AGM.A,2
FSM,2
WLKP,4
DTLA-,2
CUBB,2
INSW,3
APY,3
HBM,2
AMBC,2
CLNC,2
PSPBZ,1
INN,1
SPAQ=,1
PSB-V,2
PSB-U,2
DQ,4
GSBD,2
OFG,2
OIBR.C,2
PSB-W,2
NAT,3
CNXM,3
PSB-Y,2
AZRE,2
BKD,2
GCO,1
FEAC,2
PSB-X,2
PAM,3
SPAQ,2
JKS,3
LINX,1
GES,2
BSIG,3
AHT-F,2
REN,3
SXI,3
OEC,4
AHH,1
UTL,2
TPVY,2
AHT-G,2
AHT-H,2
BOOT,1
AGM,2
MH-D,2
RLGY,2
DKL,3
FEAC=,2
KDMN,2
CUBI-D,2
INSW-A,2
HNGR,2
CUBI-C,2
AHT-I,2
FPI-B,1
GLT,4
LTM,3
UIS,2
MH-C,2
CBB,2
DDS,2
AIR,2
CTS,2
RES,3
HCC,3
ACH,2
RAD,2
CUBI-E,2
BBAR,2
CALX,2
BKE,1
KOS,3
OXM,2
TPRE,2
FOR,2
CNR,2
SYX,1
BFS,2
HMLP-A,3
GLP-A,2
DRD,2
STC,2
CPG,3
KYN,3
GBX,3
EB,1
BRBR,2
FBK,2
NXRT,2
ANF,2
AIC,3
EVH,2
IPOC=,1
PRA,2
DAVA,2
FPAC,2
GLOP-B,3
GLOP-C,3
TCRW,2
UBP-K,1
TCRZ,2
AIW,3
TALO,3
STAR,2
FPAC=,1
EFC-A,2
GRC,3
PLOW,3
REZI,3
VET,3
MH-A,2
MFA,2
NBHC,2
AGO-F,1
GVA,2
GWB,2
BHE,2
MAXR,2
UBP-H,1
RIG,3
WAAS,2
DNOW,2
ELF,2
GLOP-A,3
CRY,2
TSE,4
AGO-E,1
SHI,4
HRI,2
AGO-B,1
CLS,2
FCF,2
GFF,3
VRT,3
RCB,2
PGTI,3
AZZ,3
CCX,3
TGP,3
GMTA,2
AXL,2
KREF,2
CHCT,2
WBT,3
HSC,3
KRG,2
KTB,2
DHT,3
AKO.A,1
CLB,3
AZUL,3
NMFC,3
GMS,2
WDR,2
ALEX,2
SPH,3
VSLR,3
SMP,2
DDD,3
AR,3
BITA,1
IRET,2
ABR,2
AHT-D,2
UMH-D,1
SPCE,3
NP,4
RCA,2
CCX=,3
SAVE,3
EIG,1
UMH-C,1
PFS,2
AIG+,1
USPH,2
AC,2
THGA,3
SA,2
ITG,2
UNFI,2
MGY,2
CIO-A,2
FTAI,2
VSLR,3
NPO,3
LADR,3
MTDR,3
ERJ,2
CCS,3
SWM,4
CEQP,3
IPOA,2
SPCE=,1
CRK,3
AMRC,3
SCU,1
LTHM,4
UMH-B,1
AROC,3
TEO,2
MHO,2
BE,3
RVLV,2
AKO.B,1
TROX,4
IRT,2
GEL,3
LNN,2
MODN,1
DRQ,2
CIG.C,2
RGR,3
PHR,1
FOE,4
CADE,2
CELG^,2
HUYA,1
IPOA=,1
WAIR,2
HEXO,2
RNR-C,2
XHR,2
KEN,2
RNR-E,2
CODI,2
MMI,2
MTRN,2
UVV,2
APHA,4
MYOV,2
DLPH,2
DLX,2
BRMK,2
GSAH,2
PIPR,2
EPAC,3
STNG,3
KAMN,2
RNR-F,2
CLNY,3
PJC,2
KRO,4
TAHO,2
NFH,2
JOE,3
AKR,1
USAC,3
ATI,2
KAI,2
MED,1
EVA,4
FDP,2
VERT=,3
VRT+,1
TNC,2
HNI,3
MEI,2
FPH,2
PMT,2
APHA,2
TEX,3
AVYA,2
BSTI,3
ARGO,2
GTY,3
CDR-C,1
CSTM,3
PRE-I,2
SAH,2
SITC,2
UE,1
PRE-F,2
NOAH,2
DDD,3
OFG-B,2
NOVA,3
BEST,3
CVA,3
GMRE-A,1
UFS,4
GSAH=,1
MGR,2
CRS,2
DNK,1
ITCB,2
PRE-G,2
LZB,3
OFG-D,2
RCUS,2
TSLX,2
PRE-H,2
VNE,3
OI,4
SFL,3
HTGC,3
ALG,2
BANC-D,2
OFG-A,2
BANC-E,2
CBPX,2
WPG-I,2
GPI,2
RCP,1
ESRT,3
RPAI,3
MNR,3
BMA,2
CDE,2
CBZ,2
FBP,2
PBFX,3
MATX,3
MXL,2
DRH,2
SSTK,1
EPRT,1
PJT,2
GNL,2
BPMP,3
ENLC,3
CTB,3
TCO-K,2
ARI,3
TCO-J,2
ATU,3
ZUO,1
ALX,2
ATKR,2
EPR-G,1
TWO,3
UHT,2
SR-A,2
CUB,2
PBF,3
CDR-B,1
NTB,2
SR-A,1
BSM,3
CODI-A,1
DY,3
WCC,2
QD,2
CLI,3
WD,2
KN,2
WPG-H,2
AX,2
AHL-E,1
MD,2
ARR-C,2
RDC,2
EPR-C,1
DDD,2
EGO,2
IIPR,1
AVNS,2
BCC,2
AHL-D,2
TRQ,2
X,2
FIX,3
WHD,3
CPK,3
SBNA,2
ARR-B,2
AMRX,2
CISN,2
CMPSP,2
SCS,3
MWA,4
CODI-C,1
CODI-B,1
RZB,2
OZM,1
LTC,1
WMK,1
ELY,3
AXO,2
GCP,4
ARNC,2
ABG,2
AHL-C,2
RZA,2
SKY,3
BIG,2
BGS,2
ELP,3
AVAL,2
BV,3
FTAI-B,1
HMN,2
MGY,3
CXW,2
JELD,2
CFR-A,2
CXP,2
DK,3
NFC=,2
MTOR,3
KEM,2
FCPT,2
ESV,2
PVG,3
BDC,2
GEO,3
SAND,2
BMI,1
TAC,3
SBH,1
FTAI-A,1
YELP,1
AHH-A,1
FLOW,2
TRTN-D,2
MLI,3
ONTO,2
EGHT,1
RRC,3
SB-D,3
GLOG-A,3
SPCE+,1
OR,2
CVRR,3
SB-C,3
OSB,2
EBR.B,2
QTS-A,1
CIM,3
EPC,2
TRTN-C,2
GNW,2
PRO,1
ACB,4
AAT,2
FLR,3
WOR,2
AEO,2
DM,3
ADNT,2
SJW,3
HTH,2
TRTN-B,2
HL,2
GEF,4
STAR-I,2
PQG,4
CMD,2
DSX-B,3
CMP,4
IAG,2
SWN,3
JAG,3
MHLA,2
FBC,2
HNP,3
HEP,3
FIT,3
DOOR,3
ZYME,2
TRTN-A,2
USNA,2
MAC,3
BKU,2
TGP-B,3
KFY,2
INT,2
WRD,3
FRO,3
SF-A,2
SF-C,2
WWW,2
SF-B,2
STAR-G,2
BAK,4
MTX,4
GKOS,2
BDN,3
AA,2
HMY,2
ANH-B,2
IBA,4
FSS,2
KAR,2
TRTOF,2
CEA,3
STAR-D,2
RLJ,2
MOG.A,2
BSA,2
INST,1
SPXC,3
ETRN,3
BMI,2
MFGP,2
INN-E,1
FVRR,2
ZNH,3
FFG,2
WRE,2
VGR,2
TGP-A,3
NS,3
PGRE,2
R,2
FG,2
HGV,2
DAN,3
ENBL,3
FSK,3
TNP-E,3
CWH,2
ATCO,2
APG,3
MOG.B,1
SUM,2
YEXT,1
ACA,3
FRT-C,2
CNX,3
OLN,4
PRMW,2
PD,1
TNP-F,3
AMK,2
EAF,2
CPA,3
WGO,3
RHP,1
INN-D,1
COT,2
NWN,2
OAK-B,1
TNP-D,3
AG,2
PEB,2
OAK-A,1
GNL-B,2
NUS,2
AXS-E,1
AIN,4
GDOT,2
SHO,2
NNI,2
GEF.B,4
TPH,3
MUR,3
CIT,2
BC-C,2
BC-A,2
EPR-E,1
CIG,3
FUL,4
VVNT,3
HI,2
BC-B,2
SLG-I,1
WK,1
ANH-C,2
BIPC,2
BVN,2
YPF,3
CIT-B,2
ROG,4
SAIL,1
AXS-D,1
MAIN,2
B,2
AEL,3
IBP,2
HP,3
NGL-B,3
DEA,1
INSP,2
PING,2
DSW,1
SXT,2
CNMD,2
CMC,3
NSP,2
EVTC,1
CBT,4
PDM,2
GNL-A,2
SEND,1
KW,2
SSW,3
NVTA,2
AEL-A,3
NS-B,3
CNO,2
P,1
CLF,2
ATCO,3
SPB,2
UZA,2
ROG,2
CMO-E,2
OVV,3
AM,3
PBH,2
HASI,3
AMN,2
OUT,3
ABM,3
CWT,2
AQUA,3
PMT-B,2
BCO,3
NAV-D,2
AFGC,2
LMHB,2
NGL-C,3
CVI,3
UZB,2
CMC,3
SCL,4
TRTN,2
KOF,1
ANH-A,2
NMFX,3
IBP,2
AFGH,2
M,2
ESE,1
AFGE,2
UZC,2
PMT-A,2
WBS-F,2
MCY,2
AMGP,3
SEM,2
EURN,3
CBB-B,2
MDC,2
CC,4
LMHA,2
AIT,2
GATX,2
SJIJ,3
DCP,3
TR,1
GOOS,1
NS-A,3
POL,4
AUO,2
ASB,3
APLE,2
AFGB,2
ELLI,1
CWK,2
TDS,2
NGVT,4
FN,1
CITUP,2
JELD,3
WNS,3
CMRE-B,3
APAM,3
TDC,2
SID,2
AYR,2
TNP-C,3
C-N,1
EVR,2
MNR-C,3
VMI,3
FHI,2
AFGC,3
KMT,3
NS-C,3
VSH,2
GOLF,2
ADS,1
BBU,2
BXS,2
AVP,2
SRC-A,1
ADCT,2
WRI,3
AGO,2
TRN,3
THC,2
AHL,1
AL-A,2
TCO,2
PK,2
NS-B,3
SUN,2
AB,3
MIC,2
WALA,3
TCP,3
UNVR,2
MC,2
ABR-B,1
SPR,1
NCR,2
BB,2
BXS-A,2
AAN,2
TMHC,3
CCU,1
FNB,2
CMRE-C,3
RPT-D,1
LCII,3
TARO,2
EPR,1
AVA,2
NHI,2
TFII,3
STL,2
SXT,4
CMRE-D,3
LXP,2
CMRE-E,3
SJI,3
GRP=,2
NAV,3
ABR-A,1
NSA-A,2
CRS,2
CPRI,2
WBS,2
ABR-C,1
BOH,2
ITGR,2
SAFE,2
NS-A,3
KSU-,3
PEB-C,2
HCXZ,1
HCXY,1
USM,2
PFSI,2
PEB-E,2
ENS,2
PEB-D,2
NS-C,3
EE,3
LPX,2
BRC,3
XEC,3
ESI,4
WTM,2
JBT,3
PBI-B,3
GL-C,2
TDA,2
PEB-F,2
OFC,2
MTH,2
GGB,2
EXP,2
CNNE,2
ADSW,2
GIL,2
TDE,2
TDI,2
ASR,3
CLDR,1
WTS,4
HHC,2
THS,2
TDJ,2
YETI,3
AWR,2
TMK-C,2
LAD,1
BOX,1
NSA,2
NS,3
IVR-C,3
LAZ,2
PAC,3
IVR-B,1
SQM,4
ALE,2
SNV,2
CZZ,3
NWE,2
GTES,2
CBD,1
LPL,3
HXL,2
PAG,2
FL,1
MTZ,3
JWN,2
IFS,2
REXR-C,1
ENR,1
WMS,3
KWR,4
PNM,3
AGI,2
SSL,4
REXR-A,1
TX,2
KYN-F,2
DKS,2
NRZ,3
MTG,3
RAMP,1
IVR-A,1
REXR-B,1
KBH,3
SNV-E,2
SRC,3
FHN,2
CNS,3
VOYA-B,2
PAH,4
ADC,3
NVT,2
AXE,2
CIB,2
KBR,3
CBU,2
RAMP,3
AXS,2
TKR,3
KEX,3
STN,3
RBC,3
EQC-D,1
UNM,2
RYN,2
RDN,2
NJR,3
NVST,2
MUSA,1
TOO-A,3
ASGN,2
BXMT,2
WPX,3
AMG,2
SNV-D,2
OMF,2
COTY,2
CR,2
TPX,3
AL,2
KSS,2
SF,2
NIO,3
CFX,3
TRNO,3
CLH,3
AJRD,1
VVV,4
CIM-C,3
CIM-D,3
BHVN,2
FTI,2
OSLE,2
SLG,2
SSD,3
SSD,3
BRX,2
CIM-B,3
SITC-A,2
BRFS,1
PSB,2
TTM,3
PRLB,3
ESL,1
SITC-K,2
GRA,4
UGP,3
DOC,2
NFX,3
PRSP,1
EQT,3
MGP,3
RLI,2
ORA,4
AVX,2
CX,2
FII,2
AN,2
AWI,3
PFGC,2
SPCE,2
ESNT,2
FLS,3
HPP,1
NFG,3
RLJ-A,2
RXN,3
AYI,2
EME,2
SR,2
SPCE=,1
ASB-D,3
HOG,3
BKH,2
TOO-B,3
PVH,2
GSX,1
IVZ,2
SWJ,2
XRX,2
UA,2
MDLA,1
TNET,2
PE,3
CRI,1
BXP-B,1
ENV,1
ASB-C,2
ASB-E,2
CLGX,1
THG,2
MSM,2
EQM,3
HBI,2
GPS,2
HIW,1
NEWR,1
STAG-C,1
PSN,1
POR,2
TGE,2
RH,2
FTCH,2
DCP-B,3
GPK,4
DAR,4
FSLY,2
QTS,2
DCP-C,3
TNET,1
STWD,2
EQC,3
SNDR,3
NNN-F,1
JHG,2
VRT,2
WAL,2
FRC-J,2
HLI,2
CAE,3
ASH,4
HUN,4
BLD,3
STAG,2
TOL,3
NOMD,2
HE,3
CIM-A,3
WES,3
VNO-M,1
HR,3
CCJ,2
PVTL,2
JEF,2
CZZ,4
VNO-L,1
SWX,2
TPR,2
ENV,2
AER,2
NVRO,2
SJIU,3
TRGP,3
KMPR,2
OGS,2
AGCO,3
MAN,2
UAA,2
FRC-F,2
PSA-A,2
PBSSP,1
PBLSZ,2
ALSN,3
ALK,3
CW,2
LM,2
NGLS-A,2
EBS,2
SITE,2
TOO-E,3
PSA-E,2
TKC,2
PSA-J,2
ITCXF,1
QTWO,1
SLQT,2
FRC-H,2
PSA-D,2
ICL,4
PSA-V,2
PSA-X,2
PSA-W,2
WRB-F,2
LEG,3
RBA,3
EV,2
MMS,2
DXC,2
FRC-G,2
PSA-C,2
FCN,2
PSA-B,2
CHA,2
MDU,3
LSI,2
PSA-K,2
PSA-I,2
ENLK,3
VNO-K,1
FRC-I,2
NVST#,2
SWCH,1
IDA,2
JBGS,1
AFC,2
PSA-F,2
PSTG,2
PSA-G,2
CUZ,1
EGP,1
BC,2
WRB-B,2
ATH-B,3
USFD,2
WRB-D,2
BILL,1
WRB-C,2
COR,2
VERT=,1
OCFT,2
APA,3
LB,2
DVN,3
ACC,2
JBL,2
PRI,2
WRB-E,2
AUY,2
PSA-H,2
KT,2
DTQ,3
FR,2
ATH-A,2
MSA,3
ORI,3
REXR,1
STL-A,2
THO,3
LPL,3
MRO,3
ORCC,3
FLO,1
MOS,4
NYCB,2
ECA,2
NEU,4
DTJ,3
CFR,2
WF,2
BJ,1
DTW,3
STOR,3
UNMA,2
GRUB,2
SEE,4
OSK,2
SAIC,1
ATCO-I,2
PWR,2
PHI,2
DTY,3
SHO-F,2
NOV,2
ATCO-D,3
NLSN,2
SHO-E,2
SBSW,2
ENIC,3
SKX,2
CLR,3
SSW-I,2
SSW-H,2
SSW-D,2
ADT,3
TECK,2
IFFT,1
ATCO-E,3
SSW-G,2
SSW-E,2
SON,4
ITT,3
ATCO-H,3
ATCO-H,2
DNB,3
HESM,3
HFC,3
TWO-C,3
ATCO-G,3
KIM,3
GLOB,1
ENBL,3
CUBE,2
GMED,2
ATCO-D,2
DECK,2
IAA,2
CMA,2
JLL,2
HAE,2
FND,1
CVE,3
ATCO-I,3
AIV,3
PII,3
SHLX,3
ATCO-E,2
TWO-B,3
ARW,2
BG,4
ATCO-G,2
AXTA,4
WSM,2
AEG,2
NNN,1
SNX,2
GFL,3
LEVI,2
SC,2
INGR,4
PCG,3
ALV,3
IPHI,2
ATH,3
TWO-E,3
OC,2
VOYA,2
BWXT,4
FAF,2
SWI,2
INXN,1
RHI,3
ST,2
TWO-D,3
RL,2
RGA,2
TWO-A,3
VVC,3
PEN,2
UMC,2
AFG,2
BERY,4
USG,2
SSWA,2
POST,1
WUBA,1
HWM,2
ACB,2
DCI,4
PLAN,1
VER,2
DEI,2
TSU,2
AIZ,2
BWXT,2
WLK,4
ACM,2
ALIN-A,3
RS,2
OGE,3
PB,2
CACI,1
AIZP,2
AOS,3
FRT,2
CF,4
SMAR,1
GWR,2
ENR-A,1
MFA-C,2
SAM,1
LEA,3
BHC,2
HRC,2
ESTC,1
GFI,2
HLF,2
WEX,1
WSO.B,2
PNR,2
WSO,2
OC,2
UGI,2
GDI,2
BMY^,2
BWA,3
DLR-L,1
WGP,3
CSL,3
HUBB,2
KNX,3
BFAM,3
SBS,3
DLR-I,1
KRC,3
DLR-J,1
DLR-G,1
CAE,1
ALIN-B,3
ALLY,2
CGC,4
OHI,2
G,3
WBC,3
GS-A,2
DLR-C,1
COLD,2
EBR,2
IPG,3
MHK,3
MFA-B,2
DLB,2
PTR,3
TXT,2
CWEN.A,3
ATR,4
ALIN-E,3
AQN,2
DLR-K,1
TREX,3
PAA,3
MAA-I,2
IRM,2
GS-C,2
AVLR,1
GS-D,2
SNA,3
XPO,3
EHC,2
AMH-G,2
AMH,2
RNR,2
NRZ-C,3
SREA,3
CHGG,3
TTC,3
AMH-F,2
CHE,2
VNO,2
WRK,4
TS,2
PRGO,2
Y,2
CLNY-I,1
CMSA,3
GNRC,3
CMSD,3
CWEN,3
CMSC,3
SMG,4
JNPR,2
BSAC,2
CLNY-H,1
CLNY-J,1
NRZ-B,3
AMH-D,2
WES,3
JHX,2
LNC,2
AMH-H,2
TME,1
JNPR,1
CLNY-G,1
BEP-A,3
AMH-E,2
FHN-A,2
ALL-I,3
ALL-A,2
ALB,4
MBT,2
WHR,2
ASTLZ,2
CCC,2
GGG,3
DTP,3
COG,3
RE,2
ALL-H,3
SBGL,2
ALL-B,3
LII,3
GWRE,1
ZAYO,2
HII,1
WU,3
KGC,2
GL,2
NRZ-A,3
ELAN,4
PAGP,3
RDY,2
NEP,3
HUBS,1
AES,3
CNHI,3
PNW,3
ALL-G,3
CIEN,2
CNA,2
NET,1
TAP,2
CRL,3
ASX,2
PBY,3
BCH,2
NRG,3
CNP,3
STT-C,2
FNB-E,2
HST,2
FNF,2
GS-J,3
CCK,4
CPT,2
GG,2
NI,3
QTS-B,1
FBHS,2
AYX,1
ZEN,1
GS-N,3
LW,1
EQH,2
ATHM,1
STT-D,2
PBC,2
MFO,2
ALLE,2
GS-K,3
NTCO,2
STT-E,2
PBB,2
NLY,3
UHS,2
VICI,1
AVY,4
STT-G,2
EMN,4
RPM,4
WPP,2
BEN,3
DVA,2
L,2
CFG-E,2
TMK,2
HIG-G,2
PKG,4
VIPS,2
HGH,2
MPW,2
PHM,3
LPT,2
CDAY,3
AAP,1
QGEN,2
VST,3
SUZ,4
PAGS,3
COF-J,2
RJF,2
CPL,2
MT,2
DT,1
MMP,3
URI,2
AU,2
FDS,2
PJH,2
NI-B,2
VIV,2
PRH,2
WTRG,2
NRZEP,3
KIM-L,1
KL,2
WRB,2
KIM-M,1
COF-I,1
PSXP,3
TXT,3
BAH,3
PRS,2
KB,2
KIM-J,2
HAL,3
EQH-A,1
PNC-Q,2
CXO,3
AVTR,4
MOH,2
CFG-D,2
CFG,2
J,2
IT,2
WPC,3
BKI,1
VAR,2
KEP,2
CE,4
PKI,2
PINS,1
WTR,2
PNC-P,2
COF-G,2
ENIA,3
CTL,2
BAP,2
BRO,2
UI,1
CTLT,2
FDS,1
APO-A,1
JEC,2
COF-P,2
FICO,1
COFOL,1
RF,2
APO-B,1
COF-F,2
SHG,3
HTA,2
LN,2
COF-H,1
PKX,2
IEX,3
HEI.A,2
SYF-A,2
TDOC,2
ELS,1
ATO,3
WAB,3
NYCB-A,1
SWP,1
WAT,2
NVR,2
CLNY-B,1
CLNY-E,1
OMC,2
SKM,2
XYL,3
MAS,3
KEY,2
FMC,4
EPAM,1
SYF,2
IR,3
HPE,2
SJM,1
GPC,2
MLM,2
DRE,3
EXR,2
CARR#,2
ARES-A,2
MGA,3
TAP.A,2
GDDY,1
MKL,2
TECK,3
OXY,3
NUE,2
NMR,2
TDY,1
AGR,2
BR,3
FCX,2
STE,2
SWT,3
BXP,1
EVRG,2
BIO.B,2
BURL,2
MAA,3
LXP-C,1
WTRU,3
PEAK,1
VTR,2
BIO,2
LFC,3
SUI,3
DOV,2
HIG,2
IP,4
TEVA,2
FCAU,3
HEI,2
PBA,3
EMP,1
INVH,2
AQNB,2
AQNA,2
MTB,2
TYL,1
KMX,2
BIP#,3
IFF,2
W,2
LDOS,1
CPB,2
KSU,3
VMC,2
WST,2
FMX,1
BBDO,2
CFXA,3
BEP,2
CBRE,2
LEN.B,2
HES,3
AEM,2
DFS,2
ELAT,4
DGX,2
TIF,2
AMCR,4
PXD,3
OKE,3
GFLU,3
CAH,2
CMS,3
CHWY,2
TFX,2
ESS,2
GIB,1
TRU,1
BBD,2
WY,3
CVNA,2
SNFI,1
CAG,2
COO,2
PAYC,1
DAL,3
GWW,2
NTCO#,1
CNP-B,3
LH,2
BIP,2
BKR,3
IX,2
BDXA,2
DOV,3
ANET,1
CARR,2
AEE,3
ZTO,3
FTS,2
WCG,2
GLW,2
HCP,3
VEDL,2
WIT,1
AJG,3
CHU,2
AMP,2
SNN,2
DB,2
CHD,2
TRU,3
WORK,1
CCEP,2
EFX,3
RBS,2
UDR,2
BSBR,2
ARES,2
TSN,2
DUKH,3
MTD,2
WPM,3
ABC,2
O,3
KEYS,1
ARE,2
FRC,2
BBT-G,2
CTVA,4
BBT-F,2
NTR,4
APTV,2
BBT-H,2
LUV,3
ETR,3
DUK-A,3
MPLX,3
LEN,3
DUKB,3
BBY,2
DTE,3
SLF,2
PPL,2
APO,2
FLT,3
AME,3
RCI,2
TLK,2
SWK,3
PBR.A,3
NEE-P,3
MCK$,2
DHI,3
BBVA,2
FTV,2
MET-A,2
EIX,2
ITUB,3
WELL,2
ADM,4
TU,2
BSMX,2
STM,3
TT,2
CNQ,3
AWK,3
DRUA,3
NOK,2
CAJ,1
KKR-B,2
K,2
RNG,1
EC,3
RMD,2
ET,3
CS,2
KKR-A,2
BHGE,2
PANW,2
AVB,3
BLL,4
EQR,3
FE,2
LYB,4
BK-C,2
STT,2
MET-F,2
MKC.V,2
OTIS,3
MSI,1
MKC,2
AIG-A,2
TDG,2
PH,3
TEF,2
JCI,2
FMS,3
MPC,3
ED,3
WCN,3
F,3
NEE-O,3
PPG,4
KKR,3
MET-E,2
HPQ,2
VFC,2
RF-C,2
SNAP,1
RF-A,2
ETP-C,3
SE,2
WMB,3
MFC,2
PRU,2
AEP-B,3
CLX,1
MCK,2
KEY-K,2
PEG,2
HRL,2
BCS,2
MSCI,2
CRH,2
ETP-D,3
CMI,3
ROK,3
KEY-J,2
ING,2
RF-B,2
TWTR,1
ES,3
KR,1
ETP-E,3
SOJD,3
FNV,2
SLB,3
ZBH,2
AFL,2
A,2
RSG,2
SU,3
LYG,2
MSCI,3
TWLO,1
TRV,3
WEC,3
VER-F,2
AIG,2
AZO,1
SOJA,3
SOJB,3
TEL,2
IBN,2
HSY,1
INFO,2
KEY-I,2
IQV,2
SOJC,3
SCCO,2
APH,2
BF.A,2
CHT,2
VLO,3
RACE,3
VEEV,1
SYY,2
PBR,3
DOW,4
CM,2
SRE-B,3
HL-B,2
ALC,2
SRE-A,3
USB-H,2
ALC,2
ORAN,2
AMX,2
NLY-G,1
EOG,3
ALL,2
JCI,2
MFG,2
ALC,2
TFC-I,2
BF.B,2
NLY-F,1
NLY-I,1
INFO,3
COF,2
RTN,2
TRI,3
SCHW-C,3
BMO,2
E,3
MET,2
DELL,1
SCHW-D,3
SPOT,1
MS-A,2
TFC-G,2
FDX,3
TFC-F,2
STZ.B,2
BK,2
PUK,2
CP,3
PSA,2
ETN,2
TFC-H,2
STZ,2
NLY-D,1
S,2
SQ,1
PSX,3
KMI,3
DD,4
AVTR-A,4
SRE,3
GIS,2
EMR,3
BCE,2
EP-C,1
DLR,2
BX,3
CNC,2
HCA,2
MS-L,2
USB-O,2
RY-T,2
NGG,2
UBS,2
KDP,2
PHG,2
SAN,2
ROP,1
SMFG,2
GM,3
INFY,1
ROP,4
USB-M,2
AEP,2
MS-G,2
BBL,2
ABEV,2
USB-P,2
MS-K,2
PHG,1
TRP,3
BBT,2
SPG,2
LHX,1
SPG-J,2
ABB,3
WP,2
EPD,3
GOLD,2
MS-F,2
MS-I,2
WBK,2
MS-E,1
GD,2
RTX,3
UTX#,3
BAX,2
WM,3
RELX,2
EW,2
PGR,2
UTX,3
AON,2
HMC,3
AEB,1
DG,2
NEM,2
KMB,2
NSC,3
SCHW,3
COP,3
DE,3
MCO,3
BAM,2
ENBA,2
SOLN,3
VALE,2
PNC,2
EQNR,3
ICE,3
BNS,2
CEO,3
AEH,2
APD,4
BSX,2
HUM,2
SHW,4
GPN,1
TFC,2
MMC,2
MUFG,2
C-S,2
SHOP,2
CB,2
ITW,3
C-K,2
USB,2
C-J,2
NOC,2
RDS.B,3
RTX,2
SO,3
VMW,1
TGT,2
ECL,4
TAK,2
CL,2
UBER,1
UL,2
CNI,3
DUK,3
AGN,2
GE,2
ZTS,2
ENB,3
RIO,2
TJX,1
CAT,3
CTA-A,4
RDS.A,2
PLD,2
CCI,2
BHP,2
PUK-,2
BDX,2
D,3
PUK-A,2
EL,1
NOW,1
SYK,2
GS,2
UN,2
ANTM,2
MO,2
CI,2
MS,2
HDB,2
JPM-J,2
SPGI,2
SNE,3
JPM-F,2
BUD,1
GE,2
JPM-H,2
JPM-G,2
JPGGL,2
BP,2
F-C,3
AXP,2
JPM-D,2
TD,2
BLK,2
JPM-C,2
DEO,2
CTA-B,4
BA,3
FIS,1
UPS,3
CVS,2
DCUE,3
F-B,3
SHOP,2
MMM,3
BTI,2
RY,2
TOT,3
LOW,1
ISG,2
WFC-Z,2
HSBC,2
LIN,4
GSK,2
WFC-O,2
WFC-N,2
WFC-Q,2
WFC-P,2
HON,3
WFC-X,2
WFC-W,2
WFC-V,2
WFE-A,2
WFC-T,2
WFC-Y,2
C,2
WFC-R,2
LMT,2
IBM,2
AMT,2
NVO,2
DHR,2
WFC,3
PM,2
UNP,2
NEE,3
ACN,2
MDT,2
DWDP,4
TMO,2
BMY,2
AZN,2
LLY,2
CHL,2
SAP,1
NKE,2
ABBV,2
CRM,1
ABT,2
BML-G,2
T-C,2
ORCL,2
CVX,3
TM,2
T-A,2
TBB,2
BML-L,2
NVS,2
TBC,2
BML-J,2
XOM,3
MRK,2
KO,1
BAC-E,2
PFE,2
BAC-Y,2
BAC-N,2
BAC-C,2
BAC,2
BAC-A,2
T,2
BAC-M,2
VZ,2
MER-K,2
BFALL,2
BAC-K,2
BAC-B,2
HD,1
TSM,3
FTV-A,2
PG,2
UNH,2
MA,3
JPM,2
WMT,1
V,3
JNJ,2
BRK.A,2
BRK.B,2
HSBC-A,2
BABA,2
CCI-A,2
DHR-B,2
DHR-A,2
USB-A,2
WFC-L,2
BAC-L,2
SNP,3
BIOX,2
EDR,2
YXR,2
VZA,2
SWKUU,2
SPA,2
QTM,2
EGL,2
HES-A,3
SN,3
EPE,3
BXE,3
PMCA,2
GIK,2
LTN,2
GTC,2
PING,2
PMTG,2
FCI,2
AFSI-D,2
GZT,2
CCC,2
SPAQ+A,2
AFSS,2
HTGX,3
C-L,2
PSA-Y,2
SGZA,2
LOAK,2
AFSI-C,2
FEAC.A,2
LTN=,2
AFSI-F,2
CCC+,2
PRMI,2
WELL-I,2
RY.KN,2
EHIC,2
DLR-H,2
MDQ,2
MFCB,2
AFSI-A,2
AVI,2
LOAK+,2
OMAD+,2
DNK,2
MGY+,2
JPM-B,2
AFSI-E,2
HCFT-A,2
YXR,2
LTN^,2
AFSI-B,2
AFST,2
LTN+,2
OMAD,2
CIVI,2
QLI,2
DHR#,2
GIK=,2
SXE,3
TLP,3
ZEK,2
EMES,2
HWM#,2
IPSC,2
DD-B,4
OLN#,4
PPG$,4
DD-A,4
IR#,2
ARNC#,2
GDI#,2
CBK,2
YQ,2
SFUN#,2
RRTS^#,3
SSWN,3
SBBC,3
NAO,3
SJI920,2
ICP,2
DTEFU,3
NEEXU,3
NSPR+,2
NSPR+B,2
TMBR,2
UUU,2
UUU,3
UUU,2
RHE,1
YUMA,3
RHE-A,2
NSPR,2
ACY,2
COHN,3
HEB,2
GBR,3
BRN,3
OBLG,2
JOB,3
AWX,2
BDR,2
SSY,2
MXC,3
TGC,3
DPW,3
SYN,2
SNMP,3
IHT,2
ENSV,3
TDW+,3
CEI,3
BPMX,2
DXF,2
OBLG,2
AMS,2
HUSA,3
BIOX+,2
GLOW,2
MYO,2
TRT,2
HMG,1
PHGE+,2
ZOM,2
BGI,2
ITP,4
TAT,3
CUO,2
ZDGE,1
TKAT,2
CTEK,1
LODE,2
MSN,3
DSS,3
TIK,2
TALO+,3
AINC,2
VOLT,2
LLEX,3
CKX,3
CKX,2
FTNW,2
LBY,3
CANF,2
FSI,4
CPHI,2
XPL,2
XTNT,2
SVT,3
CVR,3
SDPI,2
KLR+,2
WTT,2
TRXC,3
SIF,3
IGC,2
NES,2
UAMY,2
PLAG,2
KIQ,4
NBY,2
GMO,2
AAMC,2
INDO,3
UFAB,3
AGE,2
INUV,2
EMAN,2
PZG,2
AIRI,2
FRD,3
DIT,3
EGI,2
OGEN,2
ANVS,2
BRMK+,1
FTSI,3
TMBR,2
INTT,2
CMT,4
CVU,2
IMH,2
DGSE,2
BKTI,2
ISDR,1
AUMN,2
UAVS,2
LGL,2
WYY,2
CDOR,2
PW,2
ESP,2
IOR,1
ISR,2
SGB,2
ASM,2
PW-A,2
NAVB,2
PED,3
TPHS,2
DXR,2
NTIP,2
NNVC,2
AAU,2
NTIP,1
VISI,3
ATNM,2
SACH,2
AIM,2
ACU,2
ARMP,2
ALO,2
LEU,2
TMCXW,2
UUUU+,3
BRBS,1
CHAC=,2
CHAQ=,2
REI,3
WRN,2
PCG-I,3
EPM,3
VGZ,2
PCG-G,3
AMPE,2
BATL,3
URG,3
PCG-H,2
GV,3
PLG,3
DLA,2
PCG-C,3
PCG-E,2
PCG-D,3
GTE,3
ELA,2
TGB,2
VNRX,2
GDP,3
MLSS,2
AE,3
PLX,2
PCG-B,2
SENS,2
ELMD,2
XXII,2
HLM-,1
PCG-A,2
SMTS,3
GPL,2
AE,3
PTN,2
CRMD,2
TRX,2
BKJ,2
LCTX,2
BTX,2
PHGE,2
EVBN,2
CRHM,2
EMX,2
AUG,2
VNRX,2
KLR,2
THM,2
NEN,1
BRG,2
PHGE=,2
APT,2
GSB,1
CMCL,2
MTNB,2
CIX,3
OCX,2
RVP,2
IBIO,2
MTA,3
VNRX,2
UEC,2
UUUU,3
GSV,2
RLGT,3
CTO,1
MHH,2
SDI,2
BIOX,2
ELLO,3
INFU,2
SDI,2
EVI,3
ELLO,2
PFNX,2
PLM,2
AKG,2
TMQ,3
GAU,2
USAS,2
EVI,3
DNN,2
AXU,2
CRHM,2
INS,1
GORO,2
STXS,2
GSS,2
INS,3
MCF,3
NOG,3
BHB,2
EVI,3
INS,2
PLYM-A,2
NAK,2
CVM,2
NXE,2
SACC,2
SCCB,2
GSAT,2
LTS,2
BRG-D,2
VHC,2
BRG-C,2
BRG-A,2
FSP,2
MMX,3
EQXFD,2
SVM,3
SILV,3
NGD,2
CCF,4
SRCI,3
TMP,2
NHC,2
MAG,2
SIM,3
SAND,2
PRK,2
CCC+,2
EQX,2
SEB,2
NG,2
BTG,2
LNG,3
IMO,3
CQP,3
HWM-,2
ARNC-,2
MOC,2
CAW,2
HYLT,2
REPX,3
NKI+,2
AJAX,2
UTC,2
TGU,2
ORM,2
ICC-,2
APHB,2
IASO,2
RNN,2
GBSG,2
AST,2
NSU,2
TIS,4
ENCR+,2
RFL,1
LRET,1
OGCP,1
ESBA,1
FISK,1
VGPRD,3
BHLLD,3
SRCP,3
COBI,2
VGPRD,4
JSYNW,1
LGRED,1
CTBOD,1
CTMUD,3
URSL,3
CTMID,3
CPSJD,3
TRYXD,1
MTECW,1
CMIMD,1
KNOLF,3
KNOLD,3
NKORD,1
BRSWQ,3
RDCO,1
SRCRD,3
VRCPD,1
ZARFD,3
LGCY,3
RDCO,1
CHKE,1
VRZPD,1
JSYN,1
IFSC,1
ELBSD,1
XDSLD,1
KNOLD,3
TBRGW,1
OHRP,2
MDVX,2
BTTR,1
MTEC,1
SAFOD,4
GWSAD,1
AIPT,2
INNPF,1
INSY,2
ALZTD,3
SRDPD,1
EVLV,1
BCDAD,2
FWDR,3
WFTIF,3
TRUU,1
AITB,1
MCRAB,1
PYDS,1
MCRAA,1
CANSD,1
GBPTD,3
ACU,1
KERN,1
RPAY,1
LIHTD,2
TBRG,1
BLBDW,1
KUTG,1
LEAF,3
MEET,3
HSDEF,1
MACID,1
CRCM,3
BLBD,3
CDLX,3
TRUE,3
FLXNF,3
CEPPU,1
PDVW,1
NTEBF,1
COLXF,2
SNHY,3
CARS,3
APLS,1
AMAHP,1
TTONF,1
RVLV,1
VOYXL,1
SYNXP,1
CARG,1
ATHDF,1
ANGI,3
NRXPP,1
AMCRF,4
SNAP,3
MTCH,3
HRS,3
TWTR,1
ACAXP,1
BAMKL,1
FB,1
TI,2
TI.A,2
BORN,1
KPFS,3
SMI,1
TMOAD,1
VRZPD,3
VRZPF,3
HTZ^#,1
KERNW,3
BFR,1
AQLFF,2
PSNP,3
BUGLF,4
AGXLW,1
ENIA^#,3
DOMGL,3
